2026-04-06 06:46:22,019:DEBUG:certbot._internal.main:certbot version: 2.9.0
2026-04-06 06:46:22,020:DEBUG:certbot._internal.main:Location of certbot entry point: /usr/bin/certbot
2026-04-06 06:46:22,020:DEBUG:certbot._internal.main:Arguments: ['--dry-run', '--webroot', '-w', '/var/www/truenorthinsurancesolutions.com', '-d', 'truenorthinsurancesolutions.com', '-d', 'www.truenorthinsurancesolutions.com', '--config-dir', '/var/www/truenorthinsurancesolutions.com/ssl/config', '--work-dir', '/var/www/truenorthinsurancesolutions.com/ssl/work', '--logs-dir', '/var/www/truenorthinsurancesolutions.com/ssl/logs', '--agree-tos', '--register-unsafely-without-email', '--non-interactive']
2026-04-06 06:46:22,020:DEBUG:certbot._internal.main:Discovered plugins: PluginsRegistry(PluginEntryPoint#apache,PluginEntryPoint#manual,PluginEntryPoint#null,PluginEntryPoint#standalone,PluginEntryPoint#webroot)
2026-04-06 06:46:22,026:DEBUG:certbot._internal.log:Root logging level set at 30
2026-04-06 06:46:22,027:DEBUG:certbot._internal.plugins.selection:Requested authenticator webroot and installer None
2026-04-06 06:46:22,027:DEBUG:certbot._internal.plugins.selection:Single candidate plugin: * webroot
Description: Saves the necessary validation files to a .well-known/acme-challenge/ directory within the nominated webroot path. A seperate HTTP server must be running and serving files from the webroot path. HTTP challenge only (wildcards not supported).
Interfaces: Authenticator, Plugin
Entry point: EntryPoint(name='webroot', value='certbot._internal.plugins.webroot:Authenticator', group='certbot.plugins')
Initialized: <certbot._internal.plugins.webroot.Authenticator object at 0x76ed789601a0>
Prep: True
2026-04-06 06:46:22,027:DEBUG:certbot._internal.plugins.selection:Selected authenticator <certbot._internal.plugins.webroot.Authenticator object at 0x76ed789601a0> and installer None
2026-04-06 06:46:22,027:INFO:certbot._internal.plugins.selection:Plugins selected: Authenticator webroot, Installer None
2026-04-06 06:46:22,239:DEBUG:acme.client:Sending GET request to https://acme-staging-v02.api.letsencrypt.org/directory.
2026-04-06 06:46:22,241:DEBUG:urllib3.connectionpool:Starting new HTTPS connection (1): acme-staging-v02.api.letsencrypt.org:443
2026-04-06 06:46:22,333:DEBUG:urllib3.connectionpool:https://acme-staging-v02.api.letsencrypt.org:443 "GET /directory HTTP/1.1" 200 1107
2026-04-06 06:46:22,333:DEBUG:acme.client:Received response:
HTTP 200
Server: nginx
Date: Mon, 06 Apr 2026 06:46:22 GMT
Content-Type: application/json
Content-Length: 1107
Connection: keep-alive
Cache-Control: public, max-age=0, no-cache
X-Frame-Options: DENY
Strict-Transport-Security: max-age=604800

{
  "iBZIhgeMOSY": "https://community.letsencrypt.org/t/adding-random-entries-to-the-directory/33417",
  "keyChange": "https://acme-staging-v02.api.letsencrypt.org/acme/key-change",
  "meta": {
    "caaIdentities": [
      "letsencrypt.org"
    ],
    "profiles": {
      "classic": "https://letsencrypt.org/docs/profiles#classic",
      "shortlived": "https://letsencrypt.org/docs/profiles#shortlived",
      "tlsclient": "https://letsencrypt.org/docs/profiles#tlsclient",
      "tlsserver": "https://letsencrypt.org/docs/profiles#tlsserver"
    },
    "termsOfService": "https://letsencrypt.org/documents/LE-SA-v1.6-August-18-2025.pdf",
    "website": "https://letsencrypt.org/docs/staging-environment/"
  },
  "newAccount": "https://acme-staging-v02.api.letsencrypt.org/acme/new-acct",
  "newNonce": "https://acme-staging-v02.api.letsencrypt.org/acme/new-nonce",
  "newOrder": "https://acme-staging-v02.api.letsencrypt.org/acme/new-order",
  "renewalInfo": "https://acme-staging-v02.api.letsencrypt.org/acme/renewal-info",
  "revokeCert": "https://acme-staging-v02.api.letsencrypt.org/acme/revoke-cert"
}
2026-04-06 06:46:22,334:DEBUG:acme.client:Requesting fresh nonce
2026-04-06 06:46:22,334:DEBUG:acme.client:Sending HEAD request to https://acme-staging-v02.api.letsencrypt.org/acme/new-nonce.
2026-04-06 06:46:22,357:DEBUG:urllib3.connectionpool:https://acme-staging-v02.api.letsencrypt.org:443 "HEAD /acme/new-nonce HTTP/1.1" 200 0
2026-04-06 06:46:22,357:DEBUG:acme.client:Received response:
HTTP 200
Server: nginx
Date: Mon, 06 Apr 2026 06:46:22 GMT
Connection: keep-alive
Cache-Control: public, max-age=0, no-cache
Link: <https://acme-staging-v02.api.letsencrypt.org/directory>;rel="index"
Replay-Nonce: knttWhhqg4m-yN-WgmQtfWbft98pHyFMkg4tWDbblXp4Jv18xH0
X-Frame-Options: DENY
Strict-Transport-Security: max-age=604800


2026-04-06 06:46:22,357:DEBUG:acme.client:Storing nonce: knttWhhqg4m-yN-WgmQtfWbft98pHyFMkg4tWDbblXp4Jv18xH0
2026-04-06 06:46:22,357:DEBUG:acme.client:JWS payload:
b'{\n  "termsOfServiceAgreed": true\n}'
2026-04-06 06:46:22,360:DEBUG:acme.client:Sending POST request to https://acme-staging-v02.api.letsencrypt.org/acme/new-acct:
{
  "protected": "eyJhbGciOiAiUlMyNTYiLCAiandrIjogeyJuIjogImpoN2p0MllPLWx3ZW9NX0NWdUdRM0FPVlIxZU85QUw2cjFFbkE0UXA3UW5XdUZHTGlleV9iTEwzMGJiZUJjcUhlNDFzMy1sSmhzeE9PMGY3UGhud2IwSnFWZlVsSVh1Qko3NGdBMHh4TU1GYUJBVHd6YldiY1p4TWlqMjk4SURGdDhYNkN4X1hzcUNVVzJHZHo1QUtuQXVnSTRYaDVxb2QzTW9uR0lOaVlHTmpBRFN1Qk93ZXRFYWdILURHakpxaldmUnlRZXRkVEo3OE4yVDJ2LWZQcDZHNzdNa3gySzBWZ2czUGUxVUlLdTRyaDdHMzlScFlQRHZmTmNWd1RGb0ZORldMSmstQzhQWVA3VlktaUFUcUxJTXRtd3dsRWpwLV8tdnR0bFpZNTBtY25TTDNLbWdnSmtxNmhVdmw2TDhBd0Yta1hwbUtiZm9EMEN5ai1rbUhmdyIsICJlIjogIkFRQUIiLCAia3R5IjogIlJTQSJ9LCAibm9uY2UiOiAia250dFdoaHFnNG0teU4tV2dtUXRmV2JmdDk4cEh5Rk1rZzR0V0RiYmxYcDRKdjE4eEgwIiwgInVybCI6ICJodHRwczovL2FjbWUtc3RhZ2luZy12MDIuYXBpLmxldHNlbmNyeXB0Lm9yZy9hY21lL25ldy1hY2N0In0",
  "signature": "OQTq5JLPxBPGlMyRisAGTLEGl5qeKZo0G-T_dYzUJs8A9G2hCX7E2-rc9_Liw6LY0imLCpMzFPRXnfCLrAt6uxgL7bawAucVxCSUlE7BgAvZ3AhWTGZmtBqHYFGYigTYH1MpbQMaMLGME5LOF2084cAcMKp-Sy8q5U4grBP4nu0NpbZQi4zrZHXJStkenwiaTfGhDLJzh7OpvNMlAr3NKyREQ6nR7BMyxFVTvp8fOoLp6zBnJgzOUiwfvPU5NZD3uNWWVLH7Ga1RCk8az4Ulc6_932XEbi1ikyTFFqKwRoRJeJ9rDOBdlMH1Z25BJu-NvBubKLdYUQR3fYfJOL8GWg",
  "payload": "ewogICJ0ZXJtc09mU2VydmljZUFncmVlZCI6IHRydWUKfQ"
}
2026-04-06 06:46:22,554:DEBUG:urllib3.connectionpool:https://acme-staging-v02.api.letsencrypt.org:443 "POST /acme/new-acct HTTP/1.1" 201 477
2026-04-06 06:46:22,555:DEBUG:acme.client:Received response:
HTTP 201
Server: nginx
Date: Mon, 06 Apr 2026 06:46:22 GMT
Content-Type: application/json
Content-Length: 477
Connection: keep-alive
Boulder-Requester: 280643183
Cache-Control: public, max-age=0, no-cache
Link: <https://acme-staging-v02.api.letsencrypt.org/directory>;rel="index", <https://letsencrypt.org/documents/LE-SA-v1.6-August-18-2025.pdf>;rel="terms-of-service"
Location: https://acme-staging-v02.api.letsencrypt.org/acme/acct/280643183
Replay-Nonce: nPBsNanhFn94umTxVv9mP9bGJfE4HlLQvHJfZWAj_NK90E7PUcc
X-Frame-Options: DENY
Strict-Transport-Security: max-age=604800

{
  "key": {
    "kty": "RSA",
    "n": "jh7jt2YO-lweoM_CVuGQ3AOVR1eO9AL6r1EnA4Qp7QnWuFGLiey_bLL30bbeBcqHe41s3-lJhsxOO0f7Phnwb0JqVfUlIXuBJ74gA0xxMMFaBATwzbWbcZxMij298IDFt8X6Cx_XsqCUW2Gdz5AKnAugI4Xh5qod3MonGINiYGNjADSuBOwetEagH-DGjJqjWfRyQetdTJ78N2T2v-fPp6G77Mkx2K0Vgg3Pe1UIKu4rh7G39RpYPDvfNcVwTFoFNFWLJk-C8PYP7VY-iATqLIMtmwwlEjp-_-vttlZY50mcnSL3KmggJkq6hUvl6L8AwF-kXpmKbfoD0Cyj-kmHfw",
    "e": "AQAB"
  },
  "createdAt": "2026-04-06T06:46:22.547042938Z",
  "status": "valid"
}
2026-04-06 06:46:22,555:DEBUG:acme.client:Storing nonce: nPBsNanhFn94umTxVv9mP9bGJfE4HlLQvHJfZWAj_NK90E7PUcc
2026-04-06 06:46:22,704:DEBUG:certbot._internal.display.obj:Notifying user: Account registered.
2026-04-06 06:46:22,704:DEBUG:certbot._internal.main:Picked account: <Account(RegistrationResource(body=Registration(key=JWKRSA(key=<ComparableRSAKey(<cryptography.hazmat.backends.openssl.rsa._RSAPublicKey object at 0x76ed74bb86e0>)>), contact=(), agreement=None, status='valid', terms_of_service_agreed=None, only_return_existing=None, external_account_binding=None), uri='https://acme-staging-v02.api.letsencrypt.org/acme/acct/280643183', new_authzr_uri=None, terms_of_service='https://letsencrypt.org/documents/LE-SA-v1.6-August-18-2025.pdf'), 8c95fc28aaea7aa05fbf3a0d3a33b96a, Meta(creation_dt=datetime.datetime(2026, 4, 6, 6, 46, 22, tzinfo=<UTC>), creation_host='74-207-240-74.ip.linodeusercontent.com', register_to_eff=None))>
2026-04-06 06:46:22,705:DEBUG:certbot._internal.display.obj:Notifying user: Simulating a certificate request for truenorthinsurancesolutions.com and www.truenorthinsurancesolutions.com
2026-04-06 06:46:22,709:DEBUG:acme.client:JWS payload:
b'{\n  "identifiers": [\n    {\n      "type": "dns",\n      "value": "truenorthinsurancesolutions.com"\n    },\n    {\n      "type": "dns",\n      "value": "www.truenorthinsurancesolutions.com"\n    }\n  ]\n}'
2026-04-06 06:46:22,710:DEBUG:acme.client:Sending POST request to https://acme-staging-v02.api.letsencrypt.org/acme/new-order:
{
  "protected": "eyJhbGciOiAiUlMyNTYiLCAia2lkIjogImh0dHBzOi8vYWNtZS1zdGFnaW5nLXYwMi5hcGkubGV0c2VuY3J5cHQub3JnL2FjbWUvYWNjdC8yODA2NDMxODMiLCAibm9uY2UiOiAiblBCc05hbmhGbjk0dW1UeFZ2OW1QOWJHSmZFNEhsTFF2SEpmWldBal9OSzkwRTdQVWNjIiwgInVybCI6ICJodHRwczovL2FjbWUtc3RhZ2luZy12MDIuYXBpLmxldHNlbmNyeXB0Lm9yZy9hY21lL25ldy1vcmRlciJ9",
  "signature": "WXdIYZw8NAgsRnER4b8XsttJ-vvrYsBhobgEZ8Z69Ucjgv6X5FtaHUqChMpNABJun8MWfN5vgGXN9lkcEUHg0tNDBDb7LkUFXJO-UhPer9uoy-hZoS5lSNCJjfYLg-CFe7DRCLIXAboL7NrBdE4M9YSOsDDR9-Lx9TPB4Q9ypclLU1gwqGzXap-yh232hOpWUng_2x13012Q96AhCO00gLKTXI8reiX4ipjUBSkMSJPEQl8JsV_5Jqf2YxfGt-UgAula6CS7Q63KWb4L_EbiwcU7bQpJmqO6fuup0pb9CMU4Xt1xjo9KubCmS5o1H4NkZ61j6Jt-EhPqrqTulq9b8g",
  "payload": "ewogICJpZGVudGlmaWVycyI6IFsKICAgIHsKICAgICAgInR5cGUiOiAiZG5zIiwKICAgICAgInZhbHVlIjogInRydWVub3J0aGluc3VyYW5jZXNvbHV0aW9ucy5jb20iCiAgICB9LAogICAgewogICAgICAidHlwZSI6ICJkbnMiLAogICAgICAidmFsdWUiOiAid3d3LnRydWVub3J0aGluc3VyYW5jZXNvbHV0aW9ucy5jb20iCiAgICB9CiAgXQp9"
}
2026-04-06 06:46:22,741:DEBUG:urllib3.connectionpool:https://acme-staging-v02.api.letsencrypt.org:443 "POST /acme/new-order HTTP/1.1" 201 545
2026-04-06 06:46:22,741:DEBUG:acme.client:Received response:
HTTP 201
Server: nginx
Date: Mon, 06 Apr 2026 06:46:22 GMT
Content-Type: application/json
Content-Length: 545
Connection: keep-alive
Boulder-Requester: 280643183
Cache-Control: public, max-age=0, no-cache
Link: <https://acme-staging-v02.api.letsencrypt.org/directory>;rel="index"
Location: https://acme-staging-v02.api.letsencrypt.org/acme/order/280643183/35690909113
Replay-Nonce: knttWhhq2HbElSR6-7R5nLN1COkVedmVyoUQCnpDWS74hJ28Kb4
X-Frame-Options: DENY
Strict-Transport-Security: max-age=604800

{
  "status": "pending",
  "expires": "2026-04-13T06:46:22Z",
  "identifiers": [
    {
      "type": "dns",
      "value": "truenorthinsurancesolutions.com"
    },
    {
      "type": "dns",
      "value": "www.truenorthinsurancesolutions.com"
    }
  ],
  "authorizations": [
    "https://acme-staging-v02.api.letsencrypt.org/acme/authz/280643183/391875613",
    "https://acme-staging-v02.api.letsencrypt.org/acme/authz/280643183/391875623"
  ],
  "finalize": "https://acme-staging-v02.api.letsencrypt.org/acme/finalize/280643183/35690909113"
}
2026-04-06 06:46:22,741:DEBUG:acme.client:Storing nonce: knttWhhq2HbElSR6-7R5nLN1COkVedmVyoUQCnpDWS74hJ28Kb4
2026-04-06 06:46:22,742:DEBUG:acme.client:JWS payload:
b''
2026-04-06 06:46:22,743:DEBUG:acme.client:Sending POST request to https://acme-staging-v02.api.letsencrypt.org/acme/authz/280643183/391875613:
{
  "protected": "eyJhbGciOiAiUlMyNTYiLCAia2lkIjogImh0dHBzOi8vYWNtZS1zdGFnaW5nLXYwMi5hcGkubGV0c2VuY3J5cHQub3JnL2FjbWUvYWNjdC8yODA2NDMxODMiLCAibm9uY2UiOiAia250dFdoaHEySGJFbFNSNi03UjVuTE4xQ09rVmVkbVZ5b1VRQ25wRFdTNzRoSjI4S2I0IiwgInVybCI6ICJodHRwczovL2FjbWUtc3RhZ2luZy12MDIuYXBpLmxldHNlbmNyeXB0Lm9yZy9hY21lL2F1dGh6LzI4MDY0MzE4My8zOTE4NzU2MTMifQ",
  "signature": "HE3vttYsdzNMJ-Yts5RrbJQdVRKAa3toPujTVe53E539cO3fgTORTtQe-gCX70ze32y8mB5A_WR6AjRNKco44KTCwkVfiuUd5OTaSLrjuXD5aCxTxqAVlj8DJ3vlQfekEN4cnVY0FMrTjJfctAsOs07QNUkVUFJhCKmlP0RXOC0MFoupp33fWv5iwRNbTLC7Eyztzkkgm7OsMX2Yzu1WPu5YGFBJ-agy9Wd00TD4KIyHitc-eGLfZaPS1ai4qw5OSv3h88t1uS__9HppNq2QgMoOE4OZ3Vc9iHOwAnK9j9siQZK7OtnaPjBD3NMGHkmJSLyZyR8eTSj7AyZTy5zxGA",
  "payload": ""
}
2026-04-06 06:46:22,768:DEBUG:urllib3.connectionpool:https://acme-staging-v02.api.letsencrypt.org:443 "POST /acme/authz/280643183/391875613 HTTP/1.1" 200 1087
2026-04-06 06:46:22,769:DEBUG:acme.client:Received response:
HTTP 200
Server: nginx
Date: Mon, 06 Apr 2026 06:46:22 GMT
Content-Type: application/json
Content-Length: 1087
Connection: keep-alive
Boulder-Requester: 280643183
Cache-Control: public, max-age=0, no-cache
Link: <https://acme-staging-v02.api.letsencrypt.org/directory>;rel="index"
Replay-Nonce: nPBsNanhpOwxvCoe2BNY7gHb4hac4cCqJ2X3MNF4JyUIKaZQEw8
X-Frame-Options: DENY
Strict-Transport-Security: max-age=604800

{
  "identifier": {
    "type": "dns",
    "value": "truenorthinsurancesolutions.com"
  },
  "status": "pending",
  "expires": "2026-04-13T06:46:22Z",
  "challenges": [
    {
      "type": "http-01",
      "url": "https://acme-staging-v02.api.letsencrypt.org/acme/chall/280643183/391875613/Sun_LA",
      "status": "pending",
      "token": "7p0wdUFJYmdXJzBPxrEcm1H2NjLNiGwezVmVd-IfoXo"
    },
    {
      "type": "tls-alpn-01",
      "url": "https://acme-staging-v02.api.letsencrypt.org/acme/chall/280643183/391875613/uPXK_g",
      "status": "pending",
      "token": "7p0wdUFJYmdXJzBPxrEcm1H2NjLNiGwezVmVd-IfoXo"
    },
    {
      "type": "dns-persist-01",
      "url": "https://acme-staging-v02.api.letsencrypt.org/acme/chall/280643183/391875613/2uTe-A",
      "status": "pending",
      "issuer-domain-names": [
        "letsencrypt.org"
      ]
    },
    {
      "type": "dns-01",
      "url": "https://acme-staging-v02.api.letsencrypt.org/acme/chall/280643183/391875613/rH8VqA",
      "status": "pending",
      "token": "7p0wdUFJYmdXJzBPxrEcm1H2NjLNiGwezVmVd-IfoXo"
    }
  ]
}
2026-04-06 06:46:22,769:DEBUG:acme.client:Storing nonce: nPBsNanhpOwxvCoe2BNY7gHb4hac4cCqJ2X3MNF4JyUIKaZQEw8
2026-04-06 06:46:22,769:DEBUG:acme.challenges:dns-persist-01 was not recognized, full message: {'type': 'dns-persist-01', 'url': 'https://acme-staging-v02.api.letsencrypt.org/acme/chall/280643183/391875613/2uTe-A', 'status': 'pending', 'issuer-domain-names': ['letsencrypt.org']}
2026-04-06 06:46:22,769:DEBUG:acme.client:JWS payload:
b''
2026-04-06 06:46:22,771:DEBUG:acme.client:Sending POST request to https://acme-staging-v02.api.letsencrypt.org/acme/authz/280643183/391875623:
{
  "protected": "eyJhbGciOiAiUlMyNTYiLCAia2lkIjogImh0dHBzOi8vYWNtZS1zdGFnaW5nLXYwMi5hcGkubGV0c2VuY3J5cHQub3JnL2FjbWUvYWNjdC8yODA2NDMxODMiLCAibm9uY2UiOiAiblBCc05hbmhwT3d4dkNvZTJCTlk3Z0hiNGhhYzRjQ3FKMlgzTU5GNEp5VUlLYVpRRXc4IiwgInVybCI6ICJodHRwczovL2FjbWUtc3RhZ2luZy12MDIuYXBpLmxldHNlbmNyeXB0Lm9yZy9hY21lL2F1dGh6LzI4MDY0MzE4My8zOTE4NzU2MjMifQ",
  "signature": "UoMMKRB3qEik4bu16F7YnirdFUwaBfD0F4pQREnr_lQvcpbMx5n0XD67aC-TI-VOTsRIVvEvhk0QUlTiPOYs1P9jd_PcKC9ycIyxdnKcl4Ua1LLSpdQvZts21tXIz5R1CulcxP4mdBE9lg3IUJoFT50BkN81wfQXZKAua2j-eWUbe26sbH0_Ozxt47Y4yt-6WG8l3Sp0l9W2Scr1angF1fIdGHYpyesgIrkd9Q5cZL283YVe_zrgnhsn-x-fbQiaTD86oUW1IHCfKGIP5uX6ID__cJJfO5UX9xFY-Tfp-Lb_NO7gLk_qYnupAzZH93zQFOdy4rq1ACL0j58Y7JmfTw",
  "payload": ""
}
2026-04-06 06:46:22,796:DEBUG:urllib3.connectionpool:https://acme-staging-v02.api.letsencrypt.org:443 "POST /acme/authz/280643183/391875623 HTTP/1.1" 200 1091
2026-04-06 06:46:22,796:DEBUG:acme.client:Received response:
HTTP 200
Server: nginx
Date: Mon, 06 Apr 2026 06:46:22 GMT
Content-Type: application/json
Content-Length: 1091
Connection: keep-alive
Boulder-Requester: 280643183
Cache-Control: public, max-age=0, no-cache
Link: <https://acme-staging-v02.api.letsencrypt.org/directory>;rel="index"
Replay-Nonce: nPBsNanhBF4zcAaSo4rB-K7vuqsLp4GiMELuz9g9-IMl7J6XyyY
X-Frame-Options: DENY
Strict-Transport-Security: max-age=604800

{
  "identifier": {
    "type": "dns",
    "value": "www.truenorthinsurancesolutions.com"
  },
  "status": "pending",
  "expires": "2026-04-13T06:46:22Z",
  "challenges": [
    {
      "type": "dns-01",
      "url": "https://acme-staging-v02.api.letsencrypt.org/acme/chall/280643183/391875623/rNPi9g",
      "status": "pending",
      "token": "c8W6z0J094MqUDm6SrOvWe2Qd9JirVwWu_gkkxVizZs"
    },
    {
      "type": "dns-persist-01",
      "url": "https://acme-staging-v02.api.letsencrypt.org/acme/chall/280643183/391875623/xy1hoQ",
      "status": "pending",
      "issuer-domain-names": [
        "letsencrypt.org"
      ]
    },
    {
      "type": "tls-alpn-01",
      "url": "https://acme-staging-v02.api.letsencrypt.org/acme/chall/280643183/391875623/sE_CoA",
      "status": "pending",
      "token": "c8W6z0J094MqUDm6SrOvWe2Qd9JirVwWu_gkkxVizZs"
    },
    {
      "type": "http-01",
      "url": "https://acme-staging-v02.api.letsencrypt.org/acme/chall/280643183/391875623/ub-sbg",
      "status": "pending",
      "token": "c8W6z0J094MqUDm6SrOvWe2Qd9JirVwWu_gkkxVizZs"
    }
  ]
}
2026-04-06 06:46:22,796:DEBUG:acme.client:Storing nonce: nPBsNanhBF4zcAaSo4rB-K7vuqsLp4GiMELuz9g9-IMl7J6XyyY
2026-04-06 06:46:22,796:DEBUG:acme.challenges:dns-persist-01 was not recognized, full message: {'type': 'dns-persist-01', 'url': 'https://acme-staging-v02.api.letsencrypt.org/acme/chall/280643183/391875623/xy1hoQ', 'status': 'pending', 'issuer-domain-names': ['letsencrypt.org']}
2026-04-06 06:46:22,796:INFO:certbot._internal.auth_handler:Performing the following challenges:
2026-04-06 06:46:22,796:INFO:certbot._internal.auth_handler:http-01 challenge for truenorthinsurancesolutions.com
2026-04-06 06:46:22,797:INFO:certbot._internal.auth_handler:http-01 challenge for www.truenorthinsurancesolutions.com
2026-04-06 06:46:22,797:INFO:certbot._internal.plugins.webroot:Using the webroot path /var/www/truenorthinsurancesolutions.com for all unmatched domains.
2026-04-06 06:46:22,797:DEBUG:certbot._internal.plugins.webroot:Creating root challenges validation dir at /var/www/truenorthinsurancesolutions.com/.well-known/acme-challenge
2026-04-06 06:46:22,797:DEBUG:certbot._internal.plugins.webroot:Creating root challenges validation dir at /var/www/truenorthinsurancesolutions.com/.well-known/acme-challenge
2026-04-06 06:46:22,798:DEBUG:certbot._internal.plugins.webroot:Attempting to save validation to /var/www/truenorthinsurancesolutions.com/.well-known/acme-challenge/7p0wdUFJYmdXJzBPxrEcm1H2NjLNiGwezVmVd-IfoXo
2026-04-06 06:46:22,799:DEBUG:certbot._internal.plugins.webroot:Attempting to save validation to /var/www/truenorthinsurancesolutions.com/.well-known/acme-challenge/c8W6z0J094MqUDm6SrOvWe2Qd9JirVwWu_gkkxVizZs
2026-04-06 06:46:22,800:DEBUG:acme.client:JWS payload:
b'{}'
2026-04-06 06:46:22,801:DEBUG:acme.client:Sending POST request to https://acme-staging-v02.api.letsencrypt.org/acme/chall/280643183/391875613/Sun_LA:
{
  "protected": "eyJhbGciOiAiUlMyNTYiLCAia2lkIjogImh0dHBzOi8vYWNtZS1zdGFnaW5nLXYwMi5hcGkubGV0c2VuY3J5cHQub3JnL2FjbWUvYWNjdC8yODA2NDMxODMiLCAibm9uY2UiOiAiblBCc05hbmhCRjR6Y0FhU280ckItSzd2dXFzTHA0R2lNRUx1ejlnOS1JTWw3SjZYeXlZIiwgInVybCI6ICJodHRwczovL2FjbWUtc3RhZ2luZy12MDIuYXBpLmxldHNlbmNyeXB0Lm9yZy9hY21lL2NoYWxsLzI4MDY0MzE4My8zOTE4NzU2MTMvU3VuX0xBIn0",
  "signature": "EwtTAJMNnTOha3AaTyR1B2OQb4MyTP1ZtmiNP-KW64gNKyGeWANAzbXT9wzA62WRaO41DwN1-FoAUBnYjnTVQYv1wOjnybnXAG0zGDv6EhcljuOMXoQWNkH9or9jkqxQP2MaiHheTC_akHfqCdBKGRNaU1A20IYrifKNt1HCkHb36qGJfmgkjYtdXJ8pIt3uGF86rolzS_Pfc3qZdIaiqCQORZ2cW9tp0NM44zuT2ElnbAyvrmu9Qz5CQmKqFusJY1dTV4-lRnvY1Dq9ZfJ5gKjZJ6mN9OA-6vZN9u2Mlwo8hX57WU2hZR8ZPlEJmyL0PZeupHw21t8TQjhO6lB66A",
  "payload": "e30"
}
2026-04-06 06:46:22,827:DEBUG:urllib3.connectionpool:https://acme-staging-v02.api.letsencrypt.org:443 "POST /acme/chall/280643183/391875613/Sun_LA HTTP/1.1" 200 199
2026-04-06 06:46:22,828:DEBUG:acme.client:Received response:
HTTP 200
Server: nginx
Date: Mon, 06 Apr 2026 06:46:22 GMT
Content-Type: application/json
Content-Length: 199
Connection: keep-alive
Boulder-Requester: 280643183
Cache-Control: public, max-age=0, no-cache
Link: <https://acme-staging-v02.api.letsencrypt.org/directory>;rel="index", <https://acme-staging-v02.api.letsencrypt.org/acme/authz/280643183/391875613>;rel="up"
Location: https://acme-staging-v02.api.letsencrypt.org/acme/chall/280643183/391875613/Sun_LA
Replay-Nonce: nPBsNanhrEcxAMPFtYpICH83yHtroVaLYsTdacgbRXcCxxp4Cok
X-Frame-Options: DENY
Strict-Transport-Security: max-age=604800

{
  "type": "http-01",
  "url": "https://acme-staging-v02.api.letsencrypt.org/acme/chall/280643183/391875613/Sun_LA",
  "status": "pending",
  "token": "7p0wdUFJYmdXJzBPxrEcm1H2NjLNiGwezVmVd-IfoXo"
}
2026-04-06 06:46:22,828:DEBUG:acme.client:Storing nonce: nPBsNanhrEcxAMPFtYpICH83yHtroVaLYsTdacgbRXcCxxp4Cok
2026-04-06 06:46:22,828:DEBUG:acme.client:JWS payload:
b'{}'
2026-04-06 06:46:22,829:DEBUG:acme.client:Sending POST request to https://acme-staging-v02.api.letsencrypt.org/acme/chall/280643183/391875623/ub-sbg:
{
  "protected": "eyJhbGciOiAiUlMyNTYiLCAia2lkIjogImh0dHBzOi8vYWNtZS1zdGFnaW5nLXYwMi5hcGkubGV0c2VuY3J5cHQub3JnL2FjbWUvYWNjdC8yODA2NDMxODMiLCAibm9uY2UiOiAiblBCc05hbmhyRWN4QU1QRnRZcElDSDgzeUh0cm9WYUxZc1RkYWNnYlJYY0N4eHA0Q29rIiwgInVybCI6ICJodHRwczovL2FjbWUtc3RhZ2luZy12MDIuYXBpLmxldHNlbmNyeXB0Lm9yZy9hY21lL2NoYWxsLzI4MDY0MzE4My8zOTE4NzU2MjMvdWItc2JnIn0",
  "signature": "cY514dX3VAsvoBcpd-cJK_0NqvcUF8mDSzEmny-ne3VrJcBwqjJ3uwttU47w1vCSlSRjswHC9jwOn6CdkczbUyKTAEQhmwz9Ad6FtSrwrznG3KH5YqHq_xZeJ3TzO_CS-0bMWzpdYUIW0sUv-JDxOXGtyKYyyjcRfWsEbzSL3wAFF3PYnK_DkF5nIKK7i6Nq0AEblcMB3qgkrZEiBkXEHy4Dl01pwQN9Wp_W41_YjkgIiNsSO1kSp11KoeH9Q6BmYFtFhIR7ePNqYfQIUvE9mn3Z-PFzrbrcsif0e4nuIp2jyeO0lkkO30kCZyiIvzqoBmCv8P4ZXm5qStiicZ5a4A",
  "payload": "e30"
}
2026-04-06 06:46:22,857:DEBUG:urllib3.connectionpool:https://acme-staging-v02.api.letsencrypt.org:443 "POST /acme/chall/280643183/391875623/ub-sbg HTTP/1.1" 200 199
2026-04-06 06:46:22,857:DEBUG:acme.client:Received response:
HTTP 200
Server: nginx
Date: Mon, 06 Apr 2026 06:46:22 GMT
Content-Type: application/json
Content-Length: 199
Connection: keep-alive
Boulder-Requester: 280643183
Cache-Control: public, max-age=0, no-cache
Link: <https://acme-staging-v02.api.letsencrypt.org/directory>;rel="index", <https://acme-staging-v02.api.letsencrypt.org/acme/authz/280643183/391875623>;rel="up"
Location: https://acme-staging-v02.api.letsencrypt.org/acme/chall/280643183/391875623/ub-sbg
Replay-Nonce: nPBsNanhppSUJ42m0QJp3XfRpJZnBGokxkof2gR61tnE8lYykoo
X-Frame-Options: DENY
Strict-Transport-Security: max-age=604800

{
  "type": "http-01",
  "url": "https://acme-staging-v02.api.letsencrypt.org/acme/chall/280643183/391875623/ub-sbg",
  "status": "pending",
  "token": "c8W6z0J094MqUDm6SrOvWe2Qd9JirVwWu_gkkxVizZs"
}
2026-04-06 06:46:22,857:DEBUG:acme.client:Storing nonce: nPBsNanhppSUJ42m0QJp3XfRpJZnBGokxkof2gR61tnE8lYykoo
2026-04-06 06:46:22,857:INFO:certbot._internal.auth_handler:Waiting for verification...
2026-04-06 06:46:23,857:DEBUG:acme.client:JWS payload:
b''
2026-04-06 06:46:23,859:DEBUG:acme.client:Sending POST request to https://acme-staging-v02.api.letsencrypt.org/acme/authz/280643183/391875613:
{
  "protected": "eyJhbGciOiAiUlMyNTYiLCAia2lkIjogImh0dHBzOi8vYWNtZS1zdGFnaW5nLXYwMi5hcGkubGV0c2VuY3J5cHQub3JnL2FjbWUvYWNjdC8yODA2NDMxODMiLCAibm9uY2UiOiAiblBCc05hbmhwcFNVSjQybTBRSnAzWGZScEpabkJHb2t4a29mMmdSNjF0bkU4bFl5a29vIiwgInVybCI6ICJodHRwczovL2FjbWUtc3RhZ2luZy12MDIuYXBpLmxldHNlbmNyeXB0Lm9yZy9hY21lL2F1dGh6LzI4MDY0MzE4My8zOTE4NzU2MTMifQ",
  "signature": "JwJ9PjHpGaKOIRhyKIDSaPEipkNZEQpjzOeIUIui0McUIl5prLUJlm-Fx6oV6UI93Sy7nLZxZwrhbQZ3DFVi1ick9hezlFcS8cmY9PLuoCdnbfWW5zr4mtC5-owgyTvHZSYe23bgKptSPjJNmLrwmxaHKJyAxAt3fO91JSoUVvjYnDCbg9toPnhoflgTtSq0iEYs9YIVEkhmLFpPX55bHHMPsQlXuivV28dBR0SZxR04JJn0MIUCyadjqgBZ01Alst61S69OsOXXm1-iumRGP262YaXLn8TJpcrDidbgN4BZweMT8KvYFGa_j0Ls6I4cIGx-KDI5mGOYo72P8yHTmA",
  "payload": ""
}
2026-04-06 06:46:23,884:DEBUG:urllib3.connectionpool:https://acme-staging-v02.api.letsencrypt.org:443 "POST /acme/authz/280643183/391875613 HTTP/1.1" 200 1400
2026-04-06 06:46:23,884:DEBUG:acme.client:Received response:
HTTP 200
Server: nginx
Date: Mon, 06 Apr 2026 06:46:23 GMT
Content-Type: application/json
Content-Length: 1400
Connection: keep-alive
Boulder-Requester: 280643183
Cache-Control: public, max-age=0, no-cache
Link: <https://acme-staging-v02.api.letsencrypt.org/directory>;rel="index"
Replay-Nonce: nPBsNanhghwiyu8x9FgAmmp04yCaccZHUQ0la5sn3PWM7Nq94gM
X-Frame-Options: DENY
Strict-Transport-Security: max-age=604800

{
  "identifier": {
    "type": "dns",
    "value": "truenorthinsurancesolutions.com"
  },
  "status": "invalid",
  "expires": "2026-04-13T06:46:22Z",
  "challenges": [
    {
      "type": "http-01",
      "url": "https://acme-staging-v02.api.letsencrypt.org/acme/chall/280643183/391875613/Sun_LA",
      "status": "invalid",
      "validated": "2026-04-06T06:46:22Z",
      "error": {
        "type": "urn:ietf:params:acme:error:unauthorized",
        "detail": "74.207.240.74: Invalid response from https://feautofab.com/.well-known/acme-challenge/7p0wdUFJYmdXJzBPxrEcm1H2NjLNiGwezVmVd-IfoXo: 404",
        "status": 403
      },
      "token": "7p0wdUFJYmdXJzBPxrEcm1H2NjLNiGwezVmVd-IfoXo",
      "validationRecord": [
        {
          "url": "http://truenorthinsurancesolutions.com/.well-known/acme-challenge/7p0wdUFJYmdXJzBPxrEcm1H2NjLNiGwezVmVd-IfoXo",
          "hostname": "truenorthinsurancesolutions.com",
          "port": "80",
          "addressesResolved": [
            "74.207.240.74"
          ],
          "addressUsed": "74.207.240.74"
        },
        {
          "url": "https://feautofab.com/.well-known/acme-challenge/7p0wdUFJYmdXJzBPxrEcm1H2NjLNiGwezVmVd-IfoXo",
          "hostname": "feautofab.com",
          "port": "443",
          "addressesResolved": [
            "74.207.240.74"
          ],
          "addressUsed": "74.207.240.74"
        }
      ]
    }
  ]
}
2026-04-06 06:46:23,884:DEBUG:acme.client:Storing nonce: nPBsNanhghwiyu8x9FgAmmp04yCaccZHUQ0la5sn3PWM7Nq94gM
2026-04-06 06:46:23,884:DEBUG:acme.client:JWS payload:
b''
2026-04-06 06:46:23,885:DEBUG:acme.client:Sending POST request to https://acme-staging-v02.api.letsencrypt.org/acme/authz/280643183/391875623:
{
  "protected": "eyJhbGciOiAiUlMyNTYiLCAia2lkIjogImh0dHBzOi8vYWNtZS1zdGFnaW5nLXYwMi5hcGkubGV0c2VuY3J5cHQub3JnL2FjbWUvYWNjdC8yODA2NDMxODMiLCAibm9uY2UiOiAiblBCc05hbmhnaHdpeXU4eDlGZ0FtbXAwNHlDYWNjWkhVUTBsYTVzbjNQV003TnE5NGdNIiwgInVybCI6ICJodHRwczovL2FjbWUtc3RhZ2luZy12MDIuYXBpLmxldHNlbmNyeXB0Lm9yZy9hY21lL2F1dGh6LzI4MDY0MzE4My8zOTE4NzU2MjMifQ",
  "signature": "GJ_hkiR3EqamDR_2lQ657DKiSZX9zWWhFxXaz-We1_rJzpiPoYvAq_681C7JFoYJnVMWzPthbog2jmCMmxHyngNJPgSd4VxXpV6Zca4RlX78PWBtqrCNj8GuzOvLUqDwrEvad28pog85PvvMAjVTQI96lFM_giG98x59bBq50Qzqua3iY6Fz-CMPc7MXjN9mGj16ZfUtGlC4b2-Btp_X78Bi0Jzl-HQtq6-hdDx-95hTcHAvXIWDFpUBX-ghuKWpo-GKuJ5OPGUzmoBGFhNFjgwYtFB3AHrFk9rS6PNd3qap2L3_Yu9ljH-e-tWRTZQpPXGvt-Yuuo1AA_08YRspmg",
  "payload": ""
}
2026-04-06 06:46:23,910:DEBUG:urllib3.connectionpool:https://acme-staging-v02.api.letsencrypt.org:443 "POST /acme/authz/280643183/391875623 HTTP/1.1" 200 1412
2026-04-06 06:46:23,911:DEBUG:acme.client:Received response:
HTTP 200
Server: nginx
Date: Mon, 06 Apr 2026 06:46:23 GMT
Content-Type: application/json
Content-Length: 1412
Connection: keep-alive
Boulder-Requester: 280643183
Cache-Control: public, max-age=0, no-cache
Link: <https://acme-staging-v02.api.letsencrypt.org/directory>;rel="index"
Replay-Nonce: knttWhhqKuvXXMQKVnfx4ATYxJojAL_D4VShZUNgyOC9V8KwY64
X-Frame-Options: DENY
Strict-Transport-Security: max-age=604800

{
  "identifier": {
    "type": "dns",
    "value": "www.truenorthinsurancesolutions.com"
  },
  "status": "invalid",
  "expires": "2026-04-13T06:46:22Z",
  "challenges": [
    {
      "type": "http-01",
      "url": "https://acme-staging-v02.api.letsencrypt.org/acme/chall/280643183/391875623/ub-sbg",
      "status": "invalid",
      "validated": "2026-04-06T06:46:22Z",
      "error": {
        "type": "urn:ietf:params:acme:error:unauthorized",
        "detail": "74.207.240.74: Invalid response from https://feautofab.com/.well-known/acme-challenge/c8W6z0J094MqUDm6SrOvWe2Qd9JirVwWu_gkkxVizZs: 404",
        "status": 403
      },
      "token": "c8W6z0J094MqUDm6SrOvWe2Qd9JirVwWu_gkkxVizZs",
      "validationRecord": [
        {
          "url": "http://www.truenorthinsurancesolutions.com/.well-known/acme-challenge/c8W6z0J094MqUDm6SrOvWe2Qd9JirVwWu_gkkxVizZs",
          "hostname": "www.truenorthinsurancesolutions.com",
          "port": "80",
          "addressesResolved": [
            "74.207.240.74"
          ],
          "addressUsed": "74.207.240.74"
        },
        {
          "url": "https://feautofab.com/.well-known/acme-challenge/c8W6z0J094MqUDm6SrOvWe2Qd9JirVwWu_gkkxVizZs",
          "hostname": "feautofab.com",
          "port": "443",
          "addressesResolved": [
            "74.207.240.74"
          ],
          "addressUsed": "74.207.240.74"
        }
      ]
    }
  ]
}
2026-04-06 06:46:23,911:DEBUG:acme.client:Storing nonce: knttWhhqKuvXXMQKVnfx4ATYxJojAL_D4VShZUNgyOC9V8KwY64
2026-04-06 06:46:23,911:INFO:certbot._internal.auth_handler:Challenge failed for domain truenorthinsurancesolutions.com
2026-04-06 06:46:23,911:INFO:certbot._internal.auth_handler:Challenge failed for domain www.truenorthinsurancesolutions.com
2026-04-06 06:46:23,911:INFO:certbot._internal.auth_handler:http-01 challenge for truenorthinsurancesolutions.com
2026-04-06 06:46:23,911:INFO:certbot._internal.auth_handler:http-01 challenge for www.truenorthinsurancesolutions.com
2026-04-06 06:46:23,912:DEBUG:certbot._internal.display.obj:Notifying user: 
Certbot failed to authenticate some domains (authenticator: webroot). The Certificate Authority reported these problems:
  Domain: truenorthinsurancesolutions.com
  Type:   unauthorized
  Detail: 74.207.240.74: Invalid response from https://feautofab.com/.well-known/acme-challenge/7p0wdUFJYmdXJzBPxrEcm1H2NjLNiGwezVmVd-IfoXo: 404

  Domain: www.truenorthinsurancesolutions.com
  Type:   unauthorized
  Detail: 74.207.240.74: Invalid response from https://feautofab.com/.well-known/acme-challenge/c8W6z0J094MqUDm6SrOvWe2Qd9JirVwWu_gkkxVizZs: 404

Hint: The Certificate Authority failed to download the temporary challenge files created by Certbot. Ensure that the listed domains serve their content from the provided --webroot-path/-w and that files created there can be downloaded from the internet.

2026-04-06 06:46:23,913:DEBUG:certbot._internal.error_handler:Encountered exception:
Traceback (most recent call last):
  File "/usr/lib/python3/dist-packages/certbot/_internal/auth_handler.py", line 108, in handle_authorizations
    self._poll_authorizations(authzrs, max_retries, max_time_mins, best_effort)
  File "/usr/lib/python3/dist-packages/certbot/_internal/auth_handler.py", line 212, in _poll_authorizations
    raise errors.AuthorizationError('Some challenges have failed.')
certbot.errors.AuthorizationError: Some challenges have failed.

2026-04-06 06:46:23,913:DEBUG:certbot._internal.error_handler:Calling registered functions
2026-04-06 06:46:23,913:INFO:certbot._internal.auth_handler:Cleaning up challenges
2026-04-06 06:46:23,914:DEBUG:certbot._internal.plugins.webroot:Removing /var/www/truenorthinsurancesolutions.com/.well-known/acme-challenge/7p0wdUFJYmdXJzBPxrEcm1H2NjLNiGwezVmVd-IfoXo
2026-04-06 06:46:23,914:DEBUG:certbot._internal.plugins.webroot:Removing /var/www/truenorthinsurancesolutions.com/.well-known/acme-challenge/c8W6z0J094MqUDm6SrOvWe2Qd9JirVwWu_gkkxVizZs
2026-04-06 06:46:23,915:DEBUG:certbot._internal.plugins.webroot:All challenges cleaned up
2026-04-06 06:46:23,915:DEBUG:certbot._internal.log:Exiting abnormally:
Traceback (most recent call last):
  File "/usr/bin/certbot", line 33, in <module>
    sys.exit(load_entry_point('certbot==2.9.0', 'console_scripts', 'certbot')())
             ^^^^^^^^^^^^^^^^^^^^^^^^^^^^^^^^^^^^^^^^^^^^^^^^^^^^^^^^^^^^^^^^^^
  File "/usr/lib/python3/dist-packages/certbot/main.py", line 19, in main
    return internal_main.main(cli_args)
           ^^^^^^^^^^^^^^^^^^^^^^^^^^^^
  File "/usr/lib/python3/dist-packages/certbot/_internal/main.py", line 1894, in main
    return config.func(config, plugins)
           ^^^^^^^^^^^^^^^^^^^^^^^^^^^^
  File "/usr/lib/python3/dist-packages/certbot/_internal/main.py", line 1600, in certonly
    lineage = _get_and_save_cert(le_client, config, domains, certname, lineage)
              ^^^^^^^^^^^^^^^^^^^^^^^^^^^^^^^^^^^^^^^^^^^^^^^^^^^^^^^^^^^^^^^^^
  File "/usr/lib/python3/dist-packages/certbot/_internal/main.py", line 143, in _get_and_save_cert
    lineage = le_client.obtain_and_enroll_certificate(domains, certname)
              ^^^^^^^^^^^^^^^^^^^^^^^^^^^^^^^^^^^^^^^^^^^^^^^^^^^^^^^^^^
  File "/usr/lib/python3/dist-packages/certbot/_internal/client.py", line 517, in obtain_and_enroll_certificate
    cert, chain, key, _ = self.obtain_certificate(domains)
                          ^^^^^^^^^^^^^^^^^^^^^^^^^^^^^^^^
  File "/usr/lib/python3/dist-packages/certbot/_internal/client.py", line 428, in obtain_certificate
    orderr = self._get_order_and_authorizations(csr.data, self.config.allow_subset_of_names)
             ^^^^^^^^^^^^^^^^^^^^^^^^^^^^^^^^^^^^^^^^^^^^^^^^^^^^^^^^^^^^^^^^^^^^^^^^^^^^^^^
  File "/usr/lib/python3/dist-packages/certbot/_internal/client.py", line 496, in _get_order_and_authorizations
    authzr = self.auth_handler.handle_authorizations(orderr, self.config, best_effort)
             ^^^^^^^^^^^^^^^^^^^^^^^^^^^^^^^^^^^^^^^^^^^^^^^^^^^^^^^^^^^^^^^^^^^^^^^^^
  File "/usr/lib/python3/dist-packages/certbot/_internal/auth_handler.py", line 108, in handle_authorizations
    self._poll_authorizations(authzrs, max_retries, max_time_mins, best_effort)
  File "/usr/lib/python3/dist-packages/certbot/_internal/auth_handler.py", line 212, in _poll_authorizations
    raise errors.AuthorizationError('Some challenges have failed.')
certbot.errors.AuthorizationError: Some challenges have failed.
2026-04-06 06:46:23,919:ERROR:certbot._internal.log:Some challenges have failed.
2026-04-06 06:46:55,796:DEBUG:certbot._internal.main:certbot version: 2.9.0
2026-04-06 06:46:55,797:DEBUG:certbot._internal.main:Location of certbot entry point: /usr/bin/certbot
2026-04-06 06:46:55,797:DEBUG:certbot._internal.main:Arguments: ['--dry-run', '--webroot', '-w', '/var/www/truenorthinsurancesolutions.com', '-d', 'truenorthinsurancesolutions.com', '-d', 'www.truenorthinsurancesolutions.com', '--config-dir', '/var/www/truenorthinsurancesolutions.com/ssl/config', '--work-dir', '/var/www/truenorthinsurancesolutions.com/ssl/work', '--logs-dir', '/var/www/truenorthinsurancesolutions.com/ssl/logs', '--agree-tos', '--register-unsafely-without-email', '--non-interactive']
2026-04-06 06:46:55,797:DEBUG:certbot._internal.main:Discovered plugins: PluginsRegistry(PluginEntryPoint#apache,PluginEntryPoint#manual,PluginEntryPoint#null,PluginEntryPoint#standalone,PluginEntryPoint#webroot)
2026-04-06 06:46:55,804:DEBUG:certbot._internal.log:Root logging level set at 30
2026-04-06 06:46:55,805:DEBUG:certbot._internal.plugins.selection:Requested authenticator webroot and installer None
2026-04-06 06:46:55,805:DEBUG:certbot._internal.plugins.selection:Single candidate plugin: * webroot
Description: Saves the necessary validation files to a .well-known/acme-challenge/ directory within the nominated webroot path. A seperate HTTP server must be running and serving files from the webroot path. HTTP challenge only (wildcards not supported).
Interfaces: Authenticator, Plugin
Entry point: EntryPoint(name='webroot', value='certbot._internal.plugins.webroot:Authenticator', group='certbot.plugins')
Initialized: <certbot._internal.plugins.webroot.Authenticator object at 0x72a026fba300>
Prep: True
2026-04-06 06:46:55,805:DEBUG:certbot._internal.plugins.selection:Selected authenticator <certbot._internal.plugins.webroot.Authenticator object at 0x72a026fba300> and installer None
2026-04-06 06:46:55,805:INFO:certbot._internal.plugins.selection:Plugins selected: Authenticator webroot, Installer None
2026-04-06 06:46:55,858:DEBUG:certbot._internal.main:Picked account: <Account(RegistrationResource(body=Registration(key=None, contact=(), agreement=None, status=None, terms_of_service_agreed=None, only_return_existing=None, external_account_binding=None), uri='https://acme-staging-v02.api.letsencrypt.org/acme/acct/280643183', new_authzr_uri=None, terms_of_service=None), 8c95fc28aaea7aa05fbf3a0d3a33b96a, Meta(creation_dt=datetime.datetime(2026, 4, 6, 6, 46, 22, tzinfo=<UTC>), creation_host='74-207-240-74.ip.linodeusercontent.com', register_to_eff=None))>
2026-04-06 06:46:55,858:DEBUG:acme.client:Sending GET request to https://acme-staging-v02.api.letsencrypt.org/directory.
2026-04-06 06:46:55,860:DEBUG:urllib3.connectionpool:Starting new HTTPS connection (1): acme-staging-v02.api.letsencrypt.org:443
2026-04-06 06:46:55,936:DEBUG:urllib3.connectionpool:https://acme-staging-v02.api.letsencrypt.org:443 "GET /directory HTTP/1.1" 200 1107
2026-04-06 06:46:55,936:DEBUG:acme.client:Received response:
HTTP 200
Server: nginx
Date: Mon, 06 Apr 2026 06:46:55 GMT
Content-Type: application/json
Content-Length: 1107
Connection: keep-alive
Cache-Control: public, max-age=0, no-cache
X-Frame-Options: DENY
Strict-Transport-Security: max-age=604800

{
  "ctduFiLAxqU": "https://community.letsencrypt.org/t/adding-random-entries-to-the-directory/33417",
  "keyChange": "https://acme-staging-v02.api.letsencrypt.org/acme/key-change",
  "meta": {
    "caaIdentities": [
      "letsencrypt.org"
    ],
    "profiles": {
      "classic": "https://letsencrypt.org/docs/profiles#classic",
      "shortlived": "https://letsencrypt.org/docs/profiles#shortlived",
      "tlsclient": "https://letsencrypt.org/docs/profiles#tlsclient",
      "tlsserver": "https://letsencrypt.org/docs/profiles#tlsserver"
    },
    "termsOfService": "https://letsencrypt.org/documents/LE-SA-v1.6-August-18-2025.pdf",
    "website": "https://letsencrypt.org/docs/staging-environment/"
  },
  "newAccount": "https://acme-staging-v02.api.letsencrypt.org/acme/new-acct",
  "newNonce": "https://acme-staging-v02.api.letsencrypt.org/acme/new-nonce",
  "newOrder": "https://acme-staging-v02.api.letsencrypt.org/acme/new-order",
  "renewalInfo": "https://acme-staging-v02.api.letsencrypt.org/acme/renewal-info",
  "revokeCert": "https://acme-staging-v02.api.letsencrypt.org/acme/revoke-cert"
}
2026-04-06 06:46:55,937:DEBUG:certbot._internal.display.obj:Notifying user: Simulating a certificate request for truenorthinsurancesolutions.com and www.truenorthinsurancesolutions.com
2026-04-06 06:46:55,941:DEBUG:acme.client:Requesting fresh nonce
2026-04-06 06:46:55,941:DEBUG:acme.client:Sending HEAD request to https://acme-staging-v02.api.letsencrypt.org/acme/new-nonce.
2026-04-06 06:46:55,964:DEBUG:urllib3.connectionpool:https://acme-staging-v02.api.letsencrypt.org:443 "HEAD /acme/new-nonce HTTP/1.1" 200 0
2026-04-06 06:46:55,964:DEBUG:acme.client:Received response:
HTTP 200
Server: nginx
Date: Mon, 06 Apr 2026 06:46:55 GMT
Connection: keep-alive
Cache-Control: public, max-age=0, no-cache
Link: <https://acme-staging-v02.api.letsencrypt.org/directory>;rel="index"
Replay-Nonce: nPBsNanhHxpsQO_W4CjFCHITYaJ7PsexBKpRmGp0Elu8H_3_LIA
X-Frame-Options: DENY
Strict-Transport-Security: max-age=604800


2026-04-06 06:46:55,964:DEBUG:acme.client:Storing nonce: nPBsNanhHxpsQO_W4CjFCHITYaJ7PsexBKpRmGp0Elu8H_3_LIA
2026-04-06 06:46:55,964:DEBUG:acme.client:JWS payload:
b'{\n  "identifiers": [\n    {\n      "type": "dns",\n      "value": "truenorthinsurancesolutions.com"\n    },\n    {\n      "type": "dns",\n      "value": "www.truenorthinsurancesolutions.com"\n    }\n  ]\n}'
2026-04-06 06:46:55,966:DEBUG:acme.client:Sending POST request to https://acme-staging-v02.api.letsencrypt.org/acme/new-order:
{
  "protected": "eyJhbGciOiAiUlMyNTYiLCAia2lkIjogImh0dHBzOi8vYWNtZS1zdGFnaW5nLXYwMi5hcGkubGV0c2VuY3J5cHQub3JnL2FjbWUvYWNjdC8yODA2NDMxODMiLCAibm9uY2UiOiAiblBCc05hbmhIeHBzUU9fVzRDakZDSElUWWFKN1BzZXhCS3BSbUdwMEVsdThIXzNfTElBIiwgInVybCI6ICJodHRwczovL2FjbWUtc3RhZ2luZy12MDIuYXBpLmxldHNlbmNyeXB0Lm9yZy9hY21lL25ldy1vcmRlciJ9",
  "signature": "SjyoUuKn5vJXEnoCrehKmS-JMYRWBt60hXQu2EVzn8bVPvz0N3QIBrlI-cMd3QooINrC_asKBEmEawkhVWxxzG9Fe1VX9JsccWTmJRQ3NuAKfTP7WIbZN0vlw_b_36BilXX5Ah7LIT1dSvGb5gQoOg1LBwkUTVXE61-G1l_b-J_jcH0lQYUP1CwJF-oOFRzlA5J0CmP1xOmHhOL_HsMuLtlNh6RXNchAstkN2vFuvWDvtTF-lkETDuiiV1S0KE_5h9Wwe44yqHyZZVb-w5EVTIEH-il97fdOTGtLa_78rIyozBFNFoOwQ4_G1AijuDxgM09lNFJTIC8achPwsk1IKQ",
  "payload": "ewogICJpZGVudGlmaWVycyI6IFsKICAgIHsKICAgICAgInR5cGUiOiAiZG5zIiwKICAgICAgInZhbHVlIjogInRydWVub3J0aGluc3VyYW5jZXNvbHV0aW9ucy5jb20iCiAgICB9LAogICAgewogICAgICAidHlwZSI6ICJkbnMiLAogICAgICAidmFsdWUiOiAid3d3LnRydWVub3J0aGluc3VyYW5jZXNvbHV0aW9ucy5jb20iCiAgICB9CiAgXQp9"
}
2026-04-06 06:46:55,997:DEBUG:urllib3.connectionpool:https://acme-staging-v02.api.letsencrypt.org:443 "POST /acme/new-order HTTP/1.1" 201 545
2026-04-06 06:46:55,998:DEBUG:acme.client:Received response:
HTTP 201
Server: nginx
Date: Mon, 06 Apr 2026 06:46:55 GMT
Content-Type: application/json
Content-Length: 545
Connection: keep-alive
Boulder-Requester: 280643183
Cache-Control: public, max-age=0, no-cache
Link: <https://acme-staging-v02.api.letsencrypt.org/directory>;rel="index"
Location: https://acme-staging-v02.api.letsencrypt.org/acme/order/280643183/35690923833
Replay-Nonce: nPBsNanhYiF9WoRAXeQM3bztc4jQIGjqiOpeO-HrzAvdeLQ2nAM
X-Frame-Options: DENY
Strict-Transport-Security: max-age=604800

{
  "status": "pending",
  "expires": "2026-04-13T06:46:55Z",
  "identifiers": [
    {
      "type": "dns",
      "value": "truenorthinsurancesolutions.com"
    },
    {
      "type": "dns",
      "value": "www.truenorthinsurancesolutions.com"
    }
  ],
  "authorizations": [
    "https://acme-staging-v02.api.letsencrypt.org/acme/authz/280643183/391881643",
    "https://acme-staging-v02.api.letsencrypt.org/acme/authz/280643183/391881653"
  ],
  "finalize": "https://acme-staging-v02.api.letsencrypt.org/acme/finalize/280643183/35690923833"
}
2026-04-06 06:46:55,998:DEBUG:acme.client:Storing nonce: nPBsNanhYiF9WoRAXeQM3bztc4jQIGjqiOpeO-HrzAvdeLQ2nAM
2026-04-06 06:46:55,998:DEBUG:acme.client:JWS payload:
b''
2026-04-06 06:46:55,999:DEBUG:acme.client:Sending POST request to https://acme-staging-v02.api.letsencrypt.org/acme/authz/280643183/391881643:
{
  "protected": "eyJhbGciOiAiUlMyNTYiLCAia2lkIjogImh0dHBzOi8vYWNtZS1zdGFnaW5nLXYwMi5hcGkubGV0c2VuY3J5cHQub3JnL2FjbWUvYWNjdC8yODA2NDMxODMiLCAibm9uY2UiOiAiblBCc05hbmhZaUY5V29SQVhlUU0zYnp0YzRqUUlHanFpT3BlTy1IcnpBdmRlTFEybkFNIiwgInVybCI6ICJodHRwczovL2FjbWUtc3RhZ2luZy12MDIuYXBpLmxldHNlbmNyeXB0Lm9yZy9hY21lL2F1dGh6LzI4MDY0MzE4My8zOTE4ODE2NDMifQ",
  "signature": "Uuze8tjUZJkj04mxLrz9HQaI-PgFnw9go1Be7VN4avhRPsdPsuJD6lUFqQJ0VwfeoI6QXbZhBLmKxOv8TPRYD15dgQWcMuW-4G4DNBWI5En-SRh0nlKYgYK8cf3EDV7Vs4jd3NMpnlv4j8qPLNN3QX8bvI9to9gBICFIEohowxNR69tPRYljQeREcbn2ZCmLYDHy6m_ZKtfINDNghq3pZspWRwdHUPN_ml8UfWf0l8jPc1F3zwUnQo8Y44df7CnzShklK-n-xJH0MiDsOsLTC3TZntjh5H68LWWdFtDmNbLBKn2nh5QsaeCEh4so2ULv6Hh0wOMmjBUsbaAlAGjFlw",
  "payload": ""
}
2026-04-06 06:46:56,024:DEBUG:urllib3.connectionpool:https://acme-staging-v02.api.letsencrypt.org:443 "POST /acme/authz/280643183/391881643 HTTP/1.1" 200 1087
2026-04-06 06:46:56,024:DEBUG:acme.client:Received response:
HTTP 200
Server: nginx
Date: Mon, 06 Apr 2026 06:46:56 GMT
Content-Type: application/json
Content-Length: 1087
Connection: keep-alive
Boulder-Requester: 280643183
Cache-Control: public, max-age=0, no-cache
Link: <https://acme-staging-v02.api.letsencrypt.org/directory>;rel="index"
Replay-Nonce: nPBsNanhE4YuqLLEIAG062lm-xaBeHEtAOlM4bPm9GoXJn-ilIw
X-Frame-Options: DENY
Strict-Transport-Security: max-age=604800

{
  "identifier": {
    "type": "dns",
    "value": "truenorthinsurancesolutions.com"
  },
  "status": "pending",
  "expires": "2026-04-13T06:46:55Z",
  "challenges": [
    {
      "type": "dns-01",
      "url": "https://acme-staging-v02.api.letsencrypt.org/acme/chall/280643183/391881643/E4Df2Q",
      "status": "pending",
      "token": "enukymUNefD1GyTKfdc3d6E-NOOi7V3-G124emP13sI"
    },
    {
      "type": "tls-alpn-01",
      "url": "https://acme-staging-v02.api.letsencrypt.org/acme/chall/280643183/391881643/tdabWQ",
      "status": "pending",
      "token": "enukymUNefD1GyTKfdc3d6E-NOOi7V3-G124emP13sI"
    },
    {
      "type": "http-01",
      "url": "https://acme-staging-v02.api.letsencrypt.org/acme/chall/280643183/391881643/eBw4ng",
      "status": "pending",
      "token": "enukymUNefD1GyTKfdc3d6E-NOOi7V3-G124emP13sI"
    },
    {
      "type": "dns-persist-01",
      "url": "https://acme-staging-v02.api.letsencrypt.org/acme/chall/280643183/391881643/k8p8iQ",
      "status": "pending",
      "issuer-domain-names": [
        "letsencrypt.org"
      ]
    }
  ]
}
2026-04-06 06:46:56,024:DEBUG:acme.client:Storing nonce: nPBsNanhE4YuqLLEIAG062lm-xaBeHEtAOlM4bPm9GoXJn-ilIw
2026-04-06 06:46:56,025:DEBUG:acme.challenges:dns-persist-01 was not recognized, full message: {'type': 'dns-persist-01', 'url': 'https://acme-staging-v02.api.letsencrypt.org/acme/chall/280643183/391881643/k8p8iQ', 'status': 'pending', 'issuer-domain-names': ['letsencrypt.org']}
2026-04-06 06:46:56,025:DEBUG:acme.client:JWS payload:
b''
2026-04-06 06:46:56,026:DEBUG:acme.client:Sending POST request to https://acme-staging-v02.api.letsencrypt.org/acme/authz/280643183/391881653:
{
  "protected": "eyJhbGciOiAiUlMyNTYiLCAia2lkIjogImh0dHBzOi8vYWNtZS1zdGFnaW5nLXYwMi5hcGkubGV0c2VuY3J5cHQub3JnL2FjbWUvYWNjdC8yODA2NDMxODMiLCAibm9uY2UiOiAiblBCc05hbmhFNFl1cUxMRUlBRzA2MmxtLXhhQmVIRXRBT2xNNGJQbTlHb1hKbi1pbEl3IiwgInVybCI6ICJodHRwczovL2FjbWUtc3RhZ2luZy12MDIuYXBpLmxldHNlbmNyeXB0Lm9yZy9hY21lL2F1dGh6LzI4MDY0MzE4My8zOTE4ODE2NTMifQ",
  "signature": "hJPterxhOiYbkxFLRFZNSXkHqFlV7ruIbrZ2rw02GGfxGGvvzoHTGOZ0uvCtLpYfZVN297r-83SvaPibE7Gxiezo3Gosx2sat7cTcLXQUrHnroLMmGDUhf7Hn4kC3hplt5KyoeGuwkjua4zAyWdMONOooyMbIHgkIvsLOlMDGzNsVMCZpPbdGwVO-szvDTC_LQAZVdwDA4fdB4Q_EcLB1Fh0Z3aJUBHErTV17AdrPpdvMcoHQGXnatcBrZMwpiRSk9AK5Bz41-_Pd5nxz4tkeUHBjBYGDKvpcBTucohZPlhThA_q5Y_cQFxM6Cv5MGJ9XcB1xh5E0vBg9i_vAkcFow",
  "payload": ""
}
2026-04-06 06:46:56,050:DEBUG:urllib3.connectionpool:https://acme-staging-v02.api.letsencrypt.org:443 "POST /acme/authz/280643183/391881653 HTTP/1.1" 200 1091
2026-04-06 06:46:56,051:DEBUG:acme.client:Received response:
HTTP 200
Server: nginx
Date: Mon, 06 Apr 2026 06:46:56 GMT
Content-Type: application/json
Content-Length: 1091
Connection: keep-alive
Boulder-Requester: 280643183
Cache-Control: public, max-age=0, no-cache
Link: <https://acme-staging-v02.api.letsencrypt.org/directory>;rel="index"
Replay-Nonce: nPBsNanhRvZjgDKx3WVUHSNQC4FGy6CKfkD6XWu2XPjlhfP-GeE
X-Frame-Options: DENY
Strict-Transport-Security: max-age=604800

{
  "identifier": {
    "type": "dns",
    "value": "www.truenorthinsurancesolutions.com"
  },
  "status": "pending",
  "expires": "2026-04-13T06:46:55Z",
  "challenges": [
    {
      "type": "http-01",
      "url": "https://acme-staging-v02.api.letsencrypt.org/acme/chall/280643183/391881653/aNLgtA",
      "status": "pending",
      "token": "t5R3vjuY-I0SpXaXbjqYE_JzOXsm6RrdD7Mo7PsdXxA"
    },
    {
      "type": "dns-01",
      "url": "https://acme-staging-v02.api.letsencrypt.org/acme/chall/280643183/391881653/mdUIvg",
      "status": "pending",
      "token": "t5R3vjuY-I0SpXaXbjqYE_JzOXsm6RrdD7Mo7PsdXxA"
    },
    {
      "type": "tls-alpn-01",
      "url": "https://acme-staging-v02.api.letsencrypt.org/acme/chall/280643183/391881653/RUQzxQ",
      "status": "pending",
      "token": "t5R3vjuY-I0SpXaXbjqYE_JzOXsm6RrdD7Mo7PsdXxA"
    },
    {
      "type": "dns-persist-01",
      "url": "https://acme-staging-v02.api.letsencrypt.org/acme/chall/280643183/391881653/SM-oww",
      "status": "pending",
      "issuer-domain-names": [
        "letsencrypt.org"
      ]
    }
  ]
}
2026-04-06 06:46:56,051:DEBUG:acme.client:Storing nonce: nPBsNanhRvZjgDKx3WVUHSNQC4FGy6CKfkD6XWu2XPjlhfP-GeE
2026-04-06 06:46:56,051:DEBUG:acme.challenges:dns-persist-01 was not recognized, full message: {'type': 'dns-persist-01', 'url': 'https://acme-staging-v02.api.letsencrypt.org/acme/chall/280643183/391881653/SM-oww', 'status': 'pending', 'issuer-domain-names': ['letsencrypt.org']}
2026-04-06 06:46:56,051:INFO:certbot._internal.auth_handler:Performing the following challenges:
2026-04-06 06:46:56,051:INFO:certbot._internal.auth_handler:http-01 challenge for truenorthinsurancesolutions.com
2026-04-06 06:46:56,051:INFO:certbot._internal.auth_handler:http-01 challenge for www.truenorthinsurancesolutions.com
2026-04-06 06:46:56,052:INFO:certbot._internal.plugins.webroot:Using the webroot path /var/www/truenorthinsurancesolutions.com for all unmatched domains.
2026-04-06 06:46:56,052:DEBUG:certbot._internal.plugins.webroot:Creating root challenges validation dir at /var/www/truenorthinsurancesolutions.com/.well-known/acme-challenge
2026-04-06 06:46:56,052:DEBUG:certbot._internal.plugins.webroot:Creating root challenges validation dir at /var/www/truenorthinsurancesolutions.com/.well-known/acme-challenge
2026-04-06 06:46:56,053:DEBUG:certbot._internal.plugins.webroot:Attempting to save validation to /var/www/truenorthinsurancesolutions.com/.well-known/acme-challenge/enukymUNefD1GyTKfdc3d6E-NOOi7V3-G124emP13sI
2026-04-06 06:46:56,054:DEBUG:certbot._internal.plugins.webroot:Attempting to save validation to /var/www/truenorthinsurancesolutions.com/.well-known/acme-challenge/t5R3vjuY-I0SpXaXbjqYE_JzOXsm6RrdD7Mo7PsdXxA
2026-04-06 06:46:56,054:DEBUG:acme.client:JWS payload:
b'{}'
2026-04-06 06:46:56,055:DEBUG:acme.client:Sending POST request to https://acme-staging-v02.api.letsencrypt.org/acme/chall/280643183/391881643/eBw4ng:
{
  "protected": "eyJhbGciOiAiUlMyNTYiLCAia2lkIjogImh0dHBzOi8vYWNtZS1zdGFnaW5nLXYwMi5hcGkubGV0c2VuY3J5cHQub3JnL2FjbWUvYWNjdC8yODA2NDMxODMiLCAibm9uY2UiOiAiblBCc05hbmhSdlpqZ0RLeDNXVlVIU05RQzRGR3k2Q0tma0Q2WFd1MlhQamxoZlAtR2VFIiwgInVybCI6ICJodHRwczovL2FjbWUtc3RhZ2luZy12MDIuYXBpLmxldHNlbmNyeXB0Lm9yZy9hY21lL2NoYWxsLzI4MDY0MzE4My8zOTE4ODE2NDMvZUJ3NG5nIn0",
  "signature": "gYPOTaUONBlZYaTLOsdhP_TZvH3HdqEyCm28G_vQLyS3CGyKrCJ83jKRowwNQocj4Hih4JmDj8h7zc4HUCdyqHDdbZkcuEWUpwIa8EgOHRwjwu1XuroZzFgU_o2ytBOTu_i3kCLEMsPt_ox-q7id75IR86e1IKSsVXl_WgHKiRsm2NOBOjeKMNCX1MeVxHFPKmttrjvYDuA3TwO7Dyky62QmBq3Qp3RLkXIwuYEBohJttwGom03ra3Dpgm3ME7t8h24j431GLzkblMmwRuXLyZyo4vBzE0yo5BzIQgIC-XkPCVN-h9on6TJx7qVwdPD7xo859PM-eErcNcB-o3EpRw",
  "payload": "e30"
}
2026-04-06 06:46:56,081:DEBUG:urllib3.connectionpool:https://acme-staging-v02.api.letsencrypt.org:443 "POST /acme/chall/280643183/391881643/eBw4ng HTTP/1.1" 200 199
2026-04-06 06:46:56,082:DEBUG:acme.client:Received response:
HTTP 200
Server: nginx
Date: Mon, 06 Apr 2026 06:46:56 GMT
Content-Type: application/json
Content-Length: 199
Connection: keep-alive
Boulder-Requester: 280643183
Cache-Control: public, max-age=0, no-cache
Link: <https://acme-staging-v02.api.letsencrypt.org/directory>;rel="index", <https://acme-staging-v02.api.letsencrypt.org/acme/authz/280643183/391881643>;rel="up"
Location: https://acme-staging-v02.api.letsencrypt.org/acme/chall/280643183/391881643/eBw4ng
Replay-Nonce: knttWhhqtYejwWYuqCaPh4IqS7Q9_oihWL1lB8LpmVZUROsVfPQ
X-Frame-Options: DENY
Strict-Transport-Security: max-age=604800

{
  "type": "http-01",
  "url": "https://acme-staging-v02.api.letsencrypt.org/acme/chall/280643183/391881643/eBw4ng",
  "status": "pending",
  "token": "enukymUNefD1GyTKfdc3d6E-NOOi7V3-G124emP13sI"
}
2026-04-06 06:46:56,082:DEBUG:acme.client:Storing nonce: knttWhhqtYejwWYuqCaPh4IqS7Q9_oihWL1lB8LpmVZUROsVfPQ
2026-04-06 06:46:56,083:DEBUG:acme.client:JWS payload:
b'{}'
2026-04-06 06:46:56,086:DEBUG:acme.client:Sending POST request to https://acme-staging-v02.api.letsencrypt.org/acme/chall/280643183/391881653/aNLgtA:
{
  "protected": "eyJhbGciOiAiUlMyNTYiLCAia2lkIjogImh0dHBzOi8vYWNtZS1zdGFnaW5nLXYwMi5hcGkubGV0c2VuY3J5cHQub3JnL2FjbWUvYWNjdC8yODA2NDMxODMiLCAibm9uY2UiOiAia250dFdoaHF0WWVqd1dZdXFDYVBoNElxUzdROV9vaWhXTDFsQjhMcG1WWlVST3NWZlBRIiwgInVybCI6ICJodHRwczovL2FjbWUtc3RhZ2luZy12MDIuYXBpLmxldHNlbmNyeXB0Lm9yZy9hY21lL2NoYWxsLzI4MDY0MzE4My8zOTE4ODE2NTMvYU5MZ3RBIn0",
  "signature": "C5OJJHmDgSSXMuX19dFCMqhO8vpUaUmC7YUYetSK3x4pScc9qhRMbVhrsTp7KHMnckwVKVZ2aUY5G8opSYH_pUQ8MeWNfiKnzPE9lwVZgAJu1a4eKhjfN30_3-7jFuSnrPjTewFb33cMku8kil9rah0rSANZzidmKkN_wjlUziQavrLK_8I6skAS9SR5klwc1Y4hh-f6bJb51ZNqi1wPvYuKOd_osgp1hYsL-2haCvCfx2d2HfDt3mBVqrfta80uxjVzxe5_PpkcvdorZGNq7Y9QCzLs1QsrbwDt78L-iRwz5oWIt-HXTtTvxFV_Zkm1JLI9ZdzoKZj7tBbB7OoJeA",
  "payload": "e30"
}
2026-04-06 06:46:56,112:DEBUG:urllib3.connectionpool:https://acme-staging-v02.api.letsencrypt.org:443 "POST /acme/chall/280643183/391881653/aNLgtA HTTP/1.1" 200 199
2026-04-06 06:46:56,112:DEBUG:acme.client:Received response:
HTTP 200
Server: nginx
Date: Mon, 06 Apr 2026 06:46:56 GMT
Content-Type: application/json
Content-Length: 199
Connection: keep-alive
Boulder-Requester: 280643183
Cache-Control: public, max-age=0, no-cache
Link: <https://acme-staging-v02.api.letsencrypt.org/directory>;rel="index", <https://acme-staging-v02.api.letsencrypt.org/acme/authz/280643183/391881653>;rel="up"
Location: https://acme-staging-v02.api.letsencrypt.org/acme/chall/280643183/391881653/aNLgtA
Replay-Nonce: knttWhhq_xVGmBKFAmej1TYJu51DfTudI0G2d14GooM27rUgacU
X-Frame-Options: DENY
Strict-Transport-Security: max-age=604800

{
  "type": "http-01",
  "url": "https://acme-staging-v02.api.letsencrypt.org/acme/chall/280643183/391881653/aNLgtA",
  "status": "pending",
  "token": "t5R3vjuY-I0SpXaXbjqYE_JzOXsm6RrdD7Mo7PsdXxA"
}
2026-04-06 06:46:56,112:DEBUG:acme.client:Storing nonce: knttWhhq_xVGmBKFAmej1TYJu51DfTudI0G2d14GooM27rUgacU
2026-04-06 06:46:56,112:INFO:certbot._internal.auth_handler:Waiting for verification...
2026-04-06 06:46:57,112:DEBUG:acme.client:JWS payload:
b''
2026-04-06 06:46:57,114:DEBUG:acme.client:Sending POST request to https://acme-staging-v02.api.letsencrypt.org/acme/authz/280643183/391881643:
{
  "protected": "eyJhbGciOiAiUlMyNTYiLCAia2lkIjogImh0dHBzOi8vYWNtZS1zdGFnaW5nLXYwMi5hcGkubGV0c2VuY3J5cHQub3JnL2FjbWUvYWNjdC8yODA2NDMxODMiLCAibm9uY2UiOiAia250dFdoaHFfeFZHbUJLRkFtZWoxVFlKdTUxRGZUdWRJMEcyZDE0R29vTTI3clVnYWNVIiwgInVybCI6ICJodHRwczovL2FjbWUtc3RhZ2luZy12MDIuYXBpLmxldHNlbmNyeXB0Lm9yZy9hY21lL2F1dGh6LzI4MDY0MzE4My8zOTE4ODE2NDMifQ",
  "signature": "SB9MHRnpKD6YjJYqPWi33xOolPA0-lRllEK1Na2-vrYAI1q5DY6GIp_U63O-n03eq9JpMKJAYXxMqhk2ZFnihwirkeeojPpI4T3viUE9bolnOro9-sgqYPGwxcZCdfpMePhAnkruEGLDWBra_7qOvuXO7kgBbnTwOR_KK0p_YvgWZhK3athrrGJpV5fXbdW1VM43A4JnsIRGuqfQtGWHSNwmN-dKvZKX1-PoTEb2odPsg5PL83w-Ra6eAi7HuuusghHaaiTPhAo5UnSz6nSxKVSOPO5VjuCcGZkuTByxKf4nMNy1QTGCdz7YgvNZKmtdRUI5nYfOxQDUS09kuimNOg",
  "payload": ""
}
2026-04-06 06:46:57,138:DEBUG:urllib3.connectionpool:https://acme-staging-v02.api.letsencrypt.org:443 "POST /acme/authz/280643183/391881643 HTTP/1.1" 200 1400
2026-04-06 06:46:57,138:DEBUG:acme.client:Received response:
HTTP 200
Server: nginx
Date: Mon, 06 Apr 2026 06:46:57 GMT
Content-Type: application/json
Content-Length: 1400
Connection: keep-alive
Boulder-Requester: 280643183
Cache-Control: public, max-age=0, no-cache
Link: <https://acme-staging-v02.api.letsencrypt.org/directory>;rel="index"
Replay-Nonce: nPBsNanh3_ubnYzf-1rNgGCWeflgez8j6S5HXdImhQ4Uv8Qtztk
X-Frame-Options: DENY
Strict-Transport-Security: max-age=604800

{
  "identifier": {
    "type": "dns",
    "value": "truenorthinsurancesolutions.com"
  },
  "status": "invalid",
  "expires": "2026-04-13T06:46:55Z",
  "challenges": [
    {
      "type": "http-01",
      "url": "https://acme-staging-v02.api.letsencrypt.org/acme/chall/280643183/391881643/eBw4ng",
      "status": "invalid",
      "validated": "2026-04-06T06:46:56Z",
      "error": {
        "type": "urn:ietf:params:acme:error:unauthorized",
        "detail": "74.207.240.74: Invalid response from https://feautofab.com/.well-known/acme-challenge/enukymUNefD1GyTKfdc3d6E-NOOi7V3-G124emP13sI: 404",
        "status": 403
      },
      "token": "enukymUNefD1GyTKfdc3d6E-NOOi7V3-G124emP13sI",
      "validationRecord": [
        {
          "url": "http://truenorthinsurancesolutions.com/.well-known/acme-challenge/enukymUNefD1GyTKfdc3d6E-NOOi7V3-G124emP13sI",
          "hostname": "truenorthinsurancesolutions.com",
          "port": "80",
          "addressesResolved": [
            "74.207.240.74"
          ],
          "addressUsed": "74.207.240.74"
        },
        {
          "url": "https://feautofab.com/.well-known/acme-challenge/enukymUNefD1GyTKfdc3d6E-NOOi7V3-G124emP13sI",
          "hostname": "feautofab.com",
          "port": "443",
          "addressesResolved": [
            "74.207.240.74"
          ],
          "addressUsed": "74.207.240.74"
        }
      ]
    }
  ]
}
2026-04-06 06:46:57,138:DEBUG:acme.client:Storing nonce: nPBsNanh3_ubnYzf-1rNgGCWeflgez8j6S5HXdImhQ4Uv8Qtztk
2026-04-06 06:46:57,139:DEBUG:acme.client:JWS payload:
b''
2026-04-06 06:46:57,140:DEBUG:acme.client:Sending POST request to https://acme-staging-v02.api.letsencrypt.org/acme/authz/280643183/391881653:
{
  "protected": "eyJhbGciOiAiUlMyNTYiLCAia2lkIjogImh0dHBzOi8vYWNtZS1zdGFnaW5nLXYwMi5hcGkubGV0c2VuY3J5cHQub3JnL2FjbWUvYWNjdC8yODA2NDMxODMiLCAibm9uY2UiOiAiblBCc05hbmgzX3Vibll6Zi0xck5nR0NXZWZsZ2V6OGo2UzVIWGRJbWhRNFV2OFF0enRrIiwgInVybCI6ICJodHRwczovL2FjbWUtc3RhZ2luZy12MDIuYXBpLmxldHNlbmNyeXB0Lm9yZy9hY21lL2F1dGh6LzI4MDY0MzE4My8zOTE4ODE2NTMifQ",
  "signature": "UdtWqu8hqay75r42SvxJg9xDW_mQ-1bh9o9mFZmaLnpT3aH1YM-I7iGGpta1OhEz10M-rPrs0zSQtcKJAcSChTxcpIObDva3hNmk8CjgcBlPmGrkSgcz_d6mM2mhT11-VeQ1QQ649BkxdkI4tuJxakJ3Ov5i0M8mnp_i4LMsNlDEBNRZCiRNFWk9s1LCJ_lQr069HBmNM-jRMQ4_4dbcAkfTNDA6fyGXmEDjh4A_N0iniN_h86IttlXqbGK7MtM-nIvjVrkTgC0dN9vgOWUk7IoTDdDGNZ7oJ2dHoqYng9nvBj8zW7kqZD5X0b4D2UgGqK49km88gIYUjr35rCIUeQ",
  "payload": ""
}
2026-04-06 06:46:57,164:DEBUG:urllib3.connectionpool:https://acme-staging-v02.api.letsencrypt.org:443 "POST /acme/authz/280643183/391881653 HTTP/1.1" 200 1412
2026-04-06 06:46:57,165:DEBUG:acme.client:Received response:
HTTP 200
Server: nginx
Date: Mon, 06 Apr 2026 06:46:57 GMT
Content-Type: application/json
Content-Length: 1412
Connection: keep-alive
Boulder-Requester: 280643183
Cache-Control: public, max-age=0, no-cache
Link: <https://acme-staging-v02.api.letsencrypt.org/directory>;rel="index"
Replay-Nonce: knttWhhqGlYRTNJyLw2B4xKkd33aOAjD55iv-uUDHtGyuSIyiJI
X-Frame-Options: DENY
Strict-Transport-Security: max-age=604800

{
  "identifier": {
    "type": "dns",
    "value": "www.truenorthinsurancesolutions.com"
  },
  "status": "invalid",
  "expires": "2026-04-13T06:46:55Z",
  "challenges": [
    {
      "type": "http-01",
      "url": "https://acme-staging-v02.api.letsencrypt.org/acme/chall/280643183/391881653/aNLgtA",
      "status": "invalid",
      "validated": "2026-04-06T06:46:56Z",
      "error": {
        "type": "urn:ietf:params:acme:error:unauthorized",
        "detail": "74.207.240.74: Invalid response from https://feautofab.com/.well-known/acme-challenge/t5R3vjuY-I0SpXaXbjqYE_JzOXsm6RrdD7Mo7PsdXxA: 404",
        "status": 403
      },
      "token": "t5R3vjuY-I0SpXaXbjqYE_JzOXsm6RrdD7Mo7PsdXxA",
      "validationRecord": [
        {
          "url": "http://www.truenorthinsurancesolutions.com/.well-known/acme-challenge/t5R3vjuY-I0SpXaXbjqYE_JzOXsm6RrdD7Mo7PsdXxA",
          "hostname": "www.truenorthinsurancesolutions.com",
          "port": "80",
          "addressesResolved": [
            "74.207.240.74"
          ],
          "addressUsed": "74.207.240.74"
        },
        {
          "url": "https://feautofab.com/.well-known/acme-challenge/t5R3vjuY-I0SpXaXbjqYE_JzOXsm6RrdD7Mo7PsdXxA",
          "hostname": "feautofab.com",
          "port": "443",
          "addressesResolved": [
            "74.207.240.74"
          ],
          "addressUsed": "74.207.240.74"
        }
      ]
    }
  ]
}
2026-04-06 06:46:57,165:DEBUG:acme.client:Storing nonce: knttWhhqGlYRTNJyLw2B4xKkd33aOAjD55iv-uUDHtGyuSIyiJI
2026-04-06 06:46:57,165:INFO:certbot._internal.auth_handler:Challenge failed for domain truenorthinsurancesolutions.com
2026-04-06 06:46:57,165:INFO:certbot._internal.auth_handler:Challenge failed for domain www.truenorthinsurancesolutions.com
2026-04-06 06:46:57,165:INFO:certbot._internal.auth_handler:http-01 challenge for truenorthinsurancesolutions.com
2026-04-06 06:46:57,165:INFO:certbot._internal.auth_handler:http-01 challenge for www.truenorthinsurancesolutions.com
2026-04-06 06:46:57,165:DEBUG:certbot._internal.display.obj:Notifying user: 
Certbot failed to authenticate some domains (authenticator: webroot). The Certificate Authority reported these problems:
  Domain: truenorthinsurancesolutions.com
  Type:   unauthorized
  Detail: 74.207.240.74: Invalid response from https://feautofab.com/.well-known/acme-challenge/enukymUNefD1GyTKfdc3d6E-NOOi7V3-G124emP13sI: 404

  Domain: www.truenorthinsurancesolutions.com
  Type:   unauthorized
  Detail: 74.207.240.74: Invalid response from https://feautofab.com/.well-known/acme-challenge/t5R3vjuY-I0SpXaXbjqYE_JzOXsm6RrdD7Mo7PsdXxA: 404

Hint: The Certificate Authority failed to download the temporary challenge files created by Certbot. Ensure that the listed domains serve their content from the provided --webroot-path/-w and that files created there can be downloaded from the internet.

2026-04-06 06:46:57,166:DEBUG:certbot._internal.error_handler:Encountered exception:
Traceback (most recent call last):
  File "/usr/lib/python3/dist-packages/certbot/_internal/auth_handler.py", line 108, in handle_authorizations
    self._poll_authorizations(authzrs, max_retries, max_time_mins, best_effort)
  File "/usr/lib/python3/dist-packages/certbot/_internal/auth_handler.py", line 212, in _poll_authorizations
    raise errors.AuthorizationError('Some challenges have failed.')
certbot.errors.AuthorizationError: Some challenges have failed.

2026-04-06 06:46:57,166:DEBUG:certbot._internal.error_handler:Calling registered functions
2026-04-06 06:46:57,166:INFO:certbot._internal.auth_handler:Cleaning up challenges
2026-04-06 06:46:57,166:DEBUG:certbot._internal.plugins.webroot:Removing /var/www/truenorthinsurancesolutions.com/.well-known/acme-challenge/enukymUNefD1GyTKfdc3d6E-NOOi7V3-G124emP13sI
2026-04-06 06:46:57,166:DEBUG:certbot._internal.plugins.webroot:Removing /var/www/truenorthinsurancesolutions.com/.well-known/acme-challenge/t5R3vjuY-I0SpXaXbjqYE_JzOXsm6RrdD7Mo7PsdXxA
2026-04-06 06:46:57,169:DEBUG:certbot._internal.plugins.webroot:All challenges cleaned up
2026-04-06 06:46:57,169:DEBUG:certbot._internal.log:Exiting abnormally:
Traceback (most recent call last):
  File "/usr/bin/certbot", line 33, in <module>
    sys.exit(load_entry_point('certbot==2.9.0', 'console_scripts', 'certbot')())
             ^^^^^^^^^^^^^^^^^^^^^^^^^^^^^^^^^^^^^^^^^^^^^^^^^^^^^^^^^^^^^^^^^^
  File "/usr/lib/python3/dist-packages/certbot/main.py", line 19, in main
    return internal_main.main(cli_args)
           ^^^^^^^^^^^^^^^^^^^^^^^^^^^^
  File "/usr/lib/python3/dist-packages/certbot/_internal/main.py", line 1894, in main
    return config.func(config, plugins)
           ^^^^^^^^^^^^^^^^^^^^^^^^^^^^
  File "/usr/lib/python3/dist-packages/certbot/_internal/main.py", line 1600, in certonly
    lineage = _get_and_save_cert(le_client, config, domains, certname, lineage)
              ^^^^^^^^^^^^^^^^^^^^^^^^^^^^^^^^^^^^^^^^^^^^^^^^^^^^^^^^^^^^^^^^^
  File "/usr/lib/python3/dist-packages/certbot/_internal/main.py", line 143, in _get_and_save_cert
    lineage = le_client.obtain_and_enroll_certificate(domains, certname)
              ^^^^^^^^^^^^^^^^^^^^^^^^^^^^^^^^^^^^^^^^^^^^^^^^^^^^^^^^^^
  File "/usr/lib/python3/dist-packages/certbot/_internal/client.py", line 517, in obtain_and_enroll_certificate
    cert, chain, key, _ = self.obtain_certificate(domains)
                          ^^^^^^^^^^^^^^^^^^^^^^^^^^^^^^^^
  File "/usr/lib/python3/dist-packages/certbot/_internal/client.py", line 428, in obtain_certificate
    orderr = self._get_order_and_authorizations(csr.data, self.config.allow_subset_of_names)
             ^^^^^^^^^^^^^^^^^^^^^^^^^^^^^^^^^^^^^^^^^^^^^^^^^^^^^^^^^^^^^^^^^^^^^^^^^^^^^^^
  File "/usr/lib/python3/dist-packages/certbot/_internal/client.py", line 496, in _get_order_and_authorizations
    authzr = self.auth_handler.handle_authorizations(orderr, self.config, best_effort)
             ^^^^^^^^^^^^^^^^^^^^^^^^^^^^^^^^^^^^^^^^^^^^^^^^^^^^^^^^^^^^^^^^^^^^^^^^^
  File "/usr/lib/python3/dist-packages/certbot/_internal/auth_handler.py", line 108, in handle_authorizations
    self._poll_authorizations(authzrs, max_retries, max_time_mins, best_effort)
  File "/usr/lib/python3/dist-packages/certbot/_internal/auth_handler.py", line 212, in _poll_authorizations
    raise errors.AuthorizationError('Some challenges have failed.')
certbot.errors.AuthorizationError: Some challenges have failed.
2026-04-06 06:46:57,170:ERROR:certbot._internal.log:Some challenges have failed.
2026-04-06 06:55:24,114:DEBUG:certbot._internal.main:certbot version: 2.9.0
2026-04-06 06:55:24,115:DEBUG:certbot._internal.main:Location of certbot entry point: /usr/bin/certbot
2026-04-06 06:55:24,115:DEBUG:certbot._internal.main:Arguments: ['--webroot', '-w', '/var/www/truenorthinsurancesolutions.com', '-d', 'truenorthinsurancesolutions.com', '-d', 'www.truenorthinsurancesolutions.com', '--config-dir', '/var/www/truenorthinsurancesolutions.com/ssl/config', '--work-dir', '/var/www/truenorthinsurancesolutions.com/ssl/work', '--logs-dir', '/var/www/truenorthinsurancesolutions.com/ssl/logs', '--agree-tos', '--register-unsafely-without-email', '--non-interactive']
2026-04-06 06:55:24,115:DEBUG:certbot._internal.main:Discovered plugins: PluginsRegistry(PluginEntryPoint#apache,PluginEntryPoint#manual,PluginEntryPoint#null,PluginEntryPoint#standalone,PluginEntryPoint#webroot)
2026-04-06 06:55:24,121:DEBUG:certbot._internal.log:Root logging level set at 30
2026-04-06 06:55:24,122:DEBUG:certbot._internal.plugins.selection:Requested authenticator webroot and installer None
2026-04-06 06:55:24,122:DEBUG:certbot._internal.plugins.selection:Single candidate plugin: * webroot
Description: Saves the necessary validation files to a .well-known/acme-challenge/ directory within the nominated webroot path. A seperate HTTP server must be running and serving files from the webroot path. HTTP challenge only (wildcards not supported).
Interfaces: Authenticator, Plugin
Entry point: EntryPoint(name='webroot', value='certbot._internal.plugins.webroot:Authenticator', group='certbot.plugins')
Initialized: <certbot._internal.plugins.webroot.Authenticator object at 0x7b797d882c30>
Prep: True
2026-04-06 06:55:24,122:DEBUG:certbot._internal.plugins.selection:Selected authenticator <certbot._internal.plugins.webroot.Authenticator object at 0x7b797d882c30> and installer None
2026-04-06 06:55:24,122:INFO:certbot._internal.plugins.selection:Plugins selected: Authenticator webroot, Installer None
2026-04-06 06:55:24,122:DEBUG:certbot._internal.client:Registering without email!
2026-04-06 06:55:24,803:DEBUG:acme.client:Sending GET request to https://acme-v02.api.letsencrypt.org/directory.
2026-04-06 06:55:24,806:DEBUG:urllib3.connectionpool:Starting new HTTPS connection (1): acme-v02.api.letsencrypt.org:443
2026-04-06 06:55:24,883:DEBUG:urllib3.connectionpool:https://acme-v02.api.letsencrypt.org:443 "GET /directory HTTP/1.1" 200 1033
2026-04-06 06:55:24,884:DEBUG:acme.client:Received response:
HTTP 200
Server: nginx
Date: Mon, 06 Apr 2026 06:55:24 GMT
Content-Type: application/json
Content-Length: 1033
Connection: keep-alive
Cache-Control: public, max-age=0, no-cache
X-Frame-Options: DENY
Strict-Transport-Security: max-age=604800

{
  "4DnLX-3nSdI": "https://community.letsencrypt.org/t/adding-random-entries-to-the-directory/33417",
  "keyChange": "https://acme-v02.api.letsencrypt.org/acme/key-change",
  "meta": {
    "caaIdentities": [
      "letsencrypt.org"
    ],
    "profiles": {
      "classic": "https://letsencrypt.org/docs/profiles#classic",
      "shortlived": "https://letsencrypt.org/docs/profiles#shortlived",
      "tlsclient": "https://letsencrypt.org/docs/profiles#tlsclient",
      "tlsserver": "https://letsencrypt.org/docs/profiles#tlsserver"
    },
    "termsOfService": "https://letsencrypt.org/documents/LE-SA-v1.6-August-18-2025.pdf",
    "website": "https://letsencrypt.org"
  },
  "newAccount": "https://acme-v02.api.letsencrypt.org/acme/new-acct",
  "newNonce": "https://acme-v02.api.letsencrypt.org/acme/new-nonce",
  "newOrder": "https://acme-v02.api.letsencrypt.org/acme/new-order",
  "renewalInfo": "https://acme-v02.api.letsencrypt.org/acme/renewal-info",
  "revokeCert": "https://acme-v02.api.letsencrypt.org/acme/revoke-cert"
}
2026-04-06 06:55:24,884:DEBUG:acme.client:Requesting fresh nonce
2026-04-06 06:55:24,884:DEBUG:acme.client:Sending HEAD request to https://acme-v02.api.letsencrypt.org/acme/new-nonce.
2026-04-06 06:55:24,907:DEBUG:urllib3.connectionpool:https://acme-v02.api.letsencrypt.org:443 "HEAD /acme/new-nonce HTTP/1.1" 200 0
2026-04-06 06:55:24,907:DEBUG:acme.client:Received response:
HTTP 200
Server: nginx
Date: Mon, 06 Apr 2026 06:55:24 GMT
Connection: keep-alive
Cache-Control: public, max-age=0, no-cache
Link: <https://acme-v02.api.letsencrypt.org/directory>;rel="index"
Replay-Nonce: v9ARF6dgcu8UBBwk_ImQfqO4OOEmq6uvftMYoy19FLJMFKImlNU
X-Frame-Options: DENY
Strict-Transport-Security: max-age=604800


2026-04-06 06:55:24,907:DEBUG:acme.client:Storing nonce: v9ARF6dgcu8UBBwk_ImQfqO4OOEmq6uvftMYoy19FLJMFKImlNU
2026-04-06 06:55:24,907:DEBUG:acme.client:JWS payload:
b'{\n  "termsOfServiceAgreed": true\n}'
2026-04-06 06:55:24,910:DEBUG:acme.client:Sending POST request to https://acme-v02.api.letsencrypt.org/acme/new-acct:
{
  "protected": "eyJhbGciOiAiUlMyNTYiLCAiandrIjogeyJuIjogIm9ybFBnTlpYaTJYdFcwazFVWko2RU1VaDdrUEJnQ1pvQ1BDS25VZHpLM0JUV3NMYXQyc2JjME1ScDF6cGN4Rlo5YS1UMTQ1c3pwWUw1aV9pcU93UmxmNThXRkpvel9aSnpUeFJ4d1ozODFJOUdGMmdxVGJEOFktN2tUVV91M1BRQkR6eWsyN1B2N0lqWF93eWg1Vl96dVY2U181dG5RUEQ0dGxpUXRHWmR0M003TzU1MFEzaEVDQjlTbGQ4VjIxQVlxTWpZVF9MMTcxTXBTS3B6WVFiLWIxUkFucWZBSUpYMGFUWUNsQ0NsZ1dNdTc2ZzVjY2RPM2V6ejlGYnQ0bndDUk91YTNBaXA3NGxNd3NpdnhSMVRkVDlqSE5zX1REUnhyNUhTam1NQ2tZRDU4U1pRZjNETnNGUXQ3OURUVGREV0pZVW1sN1FaaG9XZ2pBSUpPS1k5USIsICJlIjogIkFRQUIiLCAia3R5IjogIlJTQSJ9LCAibm9uY2UiOiAidjlBUkY2ZGdjdThVQkJ3a19JbVFmcU80T09FbXE2dXZmdE1Zb3kxOUZMSk1GS0ltbE5VIiwgInVybCI6ICJodHRwczovL2FjbWUtdjAyLmFwaS5sZXRzZW5jcnlwdC5vcmcvYWNtZS9uZXctYWNjdCJ9",
  "signature": "N7TjdyWSMgNPYa0BoDUcE0e_YuroKRSljCRW9FSzwJg1HzUZE6tlqnqXmasjWuCPwuCAaGl1dYT911Wj1gGM-Wrc0RxnJK-bKsEbGee7R0H5btcL9qejlDCUaw5aCenFHXAxUZK1wD9i4FeV8TDSprQNDrXT7gFkNf25R3JU5JzWFb3w4y1sUkSNWwlnvRVo97pJHFLaagrJzP3p9oB2XJwYuHuKdSGPmmhUR24HVsUFZXtBgGi6VQrkEliy6R5xfoWmSNfD2AXk_QLGU-k_b5H6RbmeXMgqLXHsw_3H676s-t5uTHq6Ioy3eRb1KnmsKSPAOwzwC4KYClSB21CY0g",
  "payload": "ewogICJ0ZXJtc09mU2VydmljZUFncmVlZCI6IHRydWUKfQ"
}
2026-04-06 06:55:24,964:DEBUG:urllib3.connectionpool:https://acme-v02.api.letsencrypt.org:443 "POST /acme/new-acct HTTP/1.1" 201 477
2026-04-06 06:55:24,964:DEBUG:acme.client:Received response:
HTTP 201
Server: nginx
Date: Mon, 06 Apr 2026 06:55:24 GMT
Content-Type: application/json
Content-Length: 477
Connection: keep-alive
Boulder-Requester: 3213527411
Cache-Control: public, max-age=0, no-cache
Link: <https://acme-v02.api.letsencrypt.org/directory>;rel="index", <https://letsencrypt.org/documents/LE-SA-v1.6-August-18-2025.pdf>;rel="terms-of-service"
Location: https://acme-v02.api.letsencrypt.org/acme/acct/3213527411
Replay-Nonce: v9ARF6dgTpdfir-5kBEivip1_SqR7LxGY49KfZZgJXSbo3cG4To
X-Frame-Options: DENY
Strict-Transport-Security: max-age=604800

{
  "key": {
    "kty": "RSA",
    "n": "orlPgNZXi2XtW0k1UZJ6EMUh7kPBgCZoCPCKnUdzK3BTWsLat2sbc0MRp1zpcxFZ9a-T145szpYL5i_iqOwRlf58WFJoz_ZJzTxRxwZ381I9GF2gqTbD8Y-7kTU_u3PQBDzyk27Pv7IjX_wyh5V_zuV6S_5tnQPD4tliQtGZdt3M7O550Q3hECB9Sld8V21AYqMjYT_L171MpSKpzYQb-b1RAnqfAIJX0aTYClCClgWMu76g5ccdO3ezz9Fbt4nwCROua3Aip74lMwsivxR1TdT9jHNs_TDRxr5HSjmMCkYD58SZQf3DNsFQt79DTTdDWJYUml7QZhoWgjAIJOKY9Q",
    "e": "AQAB"
  },
  "createdAt": "2026-04-06T06:55:24.930286885Z",
  "status": "valid"
}
2026-04-06 06:55:24,965:DEBUG:acme.client:Storing nonce: v9ARF6dgTpdfir-5kBEivip1_SqR7LxGY49KfZZgJXSbo3cG4To
2026-04-06 06:55:25,100:DEBUG:certbot._internal.display.obj:Notifying user: Account registered.
2026-04-06 06:55:25,100:DEBUG:certbot._internal.main:Picked account: <Account(RegistrationResource(body=Registration(key=JWKRSA(key=<ComparableRSAKey(<cryptography.hazmat.backends.openssl.rsa._RSAPublicKey object at 0x7b797a5a8380>)>), contact=(), agreement=None, status='valid', terms_of_service_agreed=None, only_return_existing=None, external_account_binding=None), uri='https://acme-v02.api.letsencrypt.org/acme/acct/3213527411', new_authzr_uri=None, terms_of_service='https://letsencrypt.org/documents/LE-SA-v1.6-August-18-2025.pdf'), 2b2feac8e035cde9f28a093a6158a98e, Meta(creation_dt=datetime.datetime(2026, 4, 6, 6, 55, 24, tzinfo=<UTC>), creation_host='74-207-240-74.ip.linodeusercontent.com', register_to_eff=None))>
2026-04-06 06:55:25,101:DEBUG:certbot._internal.display.obj:Notifying user: Requesting a certificate for truenorthinsurancesolutions.com and www.truenorthinsurancesolutions.com
2026-04-06 06:55:25,105:DEBUG:acme.client:JWS payload:
b'{\n  "identifiers": [\n    {\n      "type": "dns",\n      "value": "truenorthinsurancesolutions.com"\n    },\n    {\n      "type": "dns",\n      "value": "www.truenorthinsurancesolutions.com"\n    }\n  ]\n}'
2026-04-06 06:55:25,107:DEBUG:acme.client:Sending POST request to https://acme-v02.api.letsencrypt.org/acme/new-order:
{
  "protected": "eyJhbGciOiAiUlMyNTYiLCAia2lkIjogImh0dHBzOi8vYWNtZS12MDIuYXBpLmxldHNlbmNyeXB0Lm9yZy9hY21lL2FjY3QvMzIxMzUyNzQxMSIsICJub25jZSI6ICJ2OUFSRjZkZ1RwZGZpci01a0JFaXZpcDFfU3FSN0x4R1k0OUtmWlpnSlhTYm8zY0c0VG8iLCAidXJsIjogImh0dHBzOi8vYWNtZS12MDIuYXBpLmxldHNlbmNyeXB0Lm9yZy9hY21lL25ldy1vcmRlciJ9",
  "signature": "k4_FeZK_WhG3XUuT0Wpu9Z1-jNdVWOmqb3K_Jov0v1F0lbHsZsX1vfrzvsEnzkMkT7cvmrR3B9ZqC-6GXoc_opF7XXbt50iMxHvt_A8pU6pbqITOXbVKpOQXdiKZeqS3IzjhR7DY72DCxHpNnZW4tsKz7iFP-BF0vOX-6BNvhF2kkYnn5SmycMgesZPiWWLOVcmcpdWQbfMIsbUBL4dBvHQkQuoCLvnuPPJmK63HJsNC9gWH0AUKjXGRNhaN3ZkJoftnE82A1aHOK91O6-kp77uhOK-mz104xVN1_frVkpB52E4BXfOCBWXbcA4yasCW8vJWDWYRf3LWlYwQtM4dZw",
  "payload": "ewogICJpZGVudGlmaWVycyI6IFsKICAgIHsKICAgICAgInR5cGUiOiAiZG5zIiwKICAgICAgInZhbHVlIjogInRydWVub3J0aGluc3VyYW5jZXNvbHV0aW9ucy5jb20iCiAgICB9LAogICAgewogICAgICAidHlwZSI6ICJkbnMiLAogICAgICAidmFsdWUiOiAid3d3LnRydWVub3J0aGluc3VyYW5jZXNvbHV0aW9ucy5jb20iCiAgICB9CiAgXQp9"
}
2026-04-06 06:55:25,817:DEBUG:urllib3.connectionpool:https://acme-v02.api.letsencrypt.org:443 "POST /acme/new-order HTTP/1.1" 201 531
2026-04-06 06:55:25,818:DEBUG:acme.client:Received response:
HTTP 201
Server: nginx
Date: Mon, 06 Apr 2026 06:55:25 GMT
Content-Type: application/json
Content-Length: 531
Connection: keep-alive
Boulder-Requester: 3213527411
Cache-Control: public, max-age=0, no-cache
Link: <https://acme-v02.api.letsencrypt.org/directory>;rel="index"
Location: https://acme-v02.api.letsencrypt.org/acme/order/3213527411/497852652971
Replay-Nonce: e8SfZ44tkuBnGHgylSacuGs9LFKwZTsn6uLgIHydrmbbuBOPo7w
X-Frame-Options: DENY
Strict-Transport-Security: max-age=604800

{
  "status": "pending",
  "expires": "2026-04-13T06:55:25Z",
  "identifiers": [
    {
      "type": "dns",
      "value": "truenorthinsurancesolutions.com"
    },
    {
      "type": "dns",
      "value": "www.truenorthinsurancesolutions.com"
    }
  ],
  "authorizations": [
    "https://acme-v02.api.letsencrypt.org/acme/authz/3213527411/683961497891",
    "https://acme-v02.api.letsencrypt.org/acme/authz/3213527411/683961498141"
  ],
  "finalize": "https://acme-v02.api.letsencrypt.org/acme/finalize/3213527411/497852652971"
}
2026-04-06 06:55:25,818:DEBUG:acme.client:Storing nonce: e8SfZ44tkuBnGHgylSacuGs9LFKwZTsn6uLgIHydrmbbuBOPo7w
2026-04-06 06:55:25,818:DEBUG:acme.client:JWS payload:
b''
2026-04-06 06:55:25,819:DEBUG:acme.client:Sending POST request to https://acme-v02.api.letsencrypt.org/acme/authz/3213527411/683961497891:
{
  "protected": "eyJhbGciOiAiUlMyNTYiLCAia2lkIjogImh0dHBzOi8vYWNtZS12MDIuYXBpLmxldHNlbmNyeXB0Lm9yZy9hY21lL2FjY3QvMzIxMzUyNzQxMSIsICJub25jZSI6ICJlOFNmWjQ0dGt1Qm5HSGd5bFNhY3VHczlMRkt3WlRzbjZ1TGdJSHlkcm1iYnVCT1BvN3ciLCAidXJsIjogImh0dHBzOi8vYWNtZS12MDIuYXBpLmxldHNlbmNyeXB0Lm9yZy9hY21lL2F1dGh6LzMyMTM1Mjc0MTEvNjgzOTYxNDk3ODkxIn0",
  "signature": "fvpsEIo1iP7WWUQPJLC42AOH0e2tXFWyY7ADoRi8kZMLEpmq3hxT2AAei5MUArZF3NOIKlD1zeo7ZkUfklJlyc-bhDH1_Pv44-IbnoNib5bYw05PsuAcOTsYz83pnyj9i83ZNhq6cxCbOvawjvlQK0iUnEFnrcqurQyJWx69KUUvicvgMRQMDBBdf6G1XAn5ijD08m3SHitAdNBlc7qq2R2o7j2tw0_QifR31mi2lH9zZmH-dCKiJQGnsLkhQfQYUrYjJPOI9bHvWvlhPygtg761HsbrPSbnxnQZgxrq2RxNZosnNavaSbmj-j_LmD3z-p_EyFRH9QGo_X4nBApnwQ",
  "payload": ""
}
2026-04-06 06:55:25,857:DEBUG:urllib3.connectionpool:https://acme-v02.api.letsencrypt.org:443 "POST /acme/authz/3213527411/683961497891 HTTP/1.1" 200 839
2026-04-06 06:55:25,857:DEBUG:acme.client:Received response:
HTTP 200
Server: nginx
Date: Mon, 06 Apr 2026 06:55:25 GMT
Content-Type: application/json
Content-Length: 839
Connection: keep-alive
Boulder-Requester: 3213527411
Cache-Control: public, max-age=0, no-cache
Link: <https://acme-v02.api.letsencrypt.org/directory>;rel="index"
Replay-Nonce: v9ARF6dg4jVxwNAt13j_Z-hsp41UT1Qpj1IwOeaMwEELlv8dP48
X-Frame-Options: DENY
Strict-Transport-Security: max-age=604800

{
  "identifier": {
    "type": "dns",
    "value": "truenorthinsurancesolutions.com"
  },
  "status": "pending",
  "expires": "2026-04-13T06:55:25Z",
  "challenges": [
    {
      "type": "tls-alpn-01",
      "url": "https://acme-v02.api.letsencrypt.org/acme/chall/3213527411/683961497891/qKe7gw",
      "status": "pending",
      "token": "pBU4PCL4HGanuS2kYSyks3EAT0IjP5rXLL0d-bcPuVA"
    },
    {
      "type": "http-01",
      "url": "https://acme-v02.api.letsencrypt.org/acme/chall/3213527411/683961497891/A5S1ng",
      "status": "pending",
      "token": "pBU4PCL4HGanuS2kYSyks3EAT0IjP5rXLL0d-bcPuVA"
    },
    {
      "type": "dns-01",
      "url": "https://acme-v02.api.letsencrypt.org/acme/chall/3213527411/683961497891/tKdqvQ",
      "status": "pending",
      "token": "pBU4PCL4HGanuS2kYSyks3EAT0IjP5rXLL0d-bcPuVA"
    }
  ]
}
2026-04-06 06:55:25,857:DEBUG:acme.client:Storing nonce: v9ARF6dg4jVxwNAt13j_Z-hsp41UT1Qpj1IwOeaMwEELlv8dP48
2026-04-06 06:55:25,858:DEBUG:acme.client:JWS payload:
b''
2026-04-06 06:55:25,859:DEBUG:acme.client:Sending POST request to https://acme-v02.api.letsencrypt.org/acme/authz/3213527411/683961498141:
{
  "protected": "eyJhbGciOiAiUlMyNTYiLCAia2lkIjogImh0dHBzOi8vYWNtZS12MDIuYXBpLmxldHNlbmNyeXB0Lm9yZy9hY21lL2FjY3QvMzIxMzUyNzQxMSIsICJub25jZSI6ICJ2OUFSRjZkZzRqVnh3TkF0MTNqX1otaHNwNDFVVDFRcGoxSXdPZWFNd0VFTGx2OGRQNDgiLCAidXJsIjogImh0dHBzOi8vYWNtZS12MDIuYXBpLmxldHNlbmNyeXB0Lm9yZy9hY21lL2F1dGh6LzMyMTM1Mjc0MTEvNjgzOTYxNDk4MTQxIn0",
  "signature": "TuOFJOo48-QHQUA7YYKaw3EL2wxZlBpwMLGIAf49-cxo-sz--vlZyp4QGUpkvDzTF3NNCW7wOnQKvpKo5TcG-axo0HQYTYcZEF6Zz3qh4cl0pKgPKed6htAbA6boVrCPLAgZ9rfbOOmdb15YgTiKbI_KO65L4FNjZFAa-bzpWpV2AFVz3Bh5uExdLO0oJ1ErNmZmdxZmka-hFPtMVayLlPUh6WeMmH-j5RZH5oLqU41AJj4BN5zqXwc6WklHroGptheOaF49ipC_U4o5-6uMT6E-yK_TeSRyjRM4Kj7R4g7gBl3_GfwQiG3tKQCNKiAE9z7YPhemVoW2McAjW_62XA",
  "payload": ""
}
2026-04-06 06:55:25,884:DEBUG:urllib3.connectionpool:https://acme-v02.api.letsencrypt.org:443 "POST /acme/authz/3213527411/683961498141 HTTP/1.1" 404 106
2026-04-06 06:55:25,884:DEBUG:acme.client:Received response:
HTTP 404
Server: nginx
Date: Mon, 06 Apr 2026 06:55:25 GMT
Content-Type: application/problem+json
Content-Length: 106
Connection: keep-alive
Boulder-Requester: 3213527411
Cache-Control: public, max-age=0, no-cache
Link: <https://acme-v02.api.letsencrypt.org/directory>;rel="index"
Replay-Nonce: v9ARF6dgcLREi8smBFFu5fXtrMq7Nwl3C89HZwmT6VqdAlfTS5E

{
  "type": "urn:ietf:params:acme:error:malformed",
  "detail": "No such authorization",
  "status": 404
}
2026-04-06 06:55:25,885:DEBUG:certbot._internal.log:Exiting abnormally:
Traceback (most recent call last):
  File "/usr/bin/certbot", line 33, in <module>
    sys.exit(load_entry_point('certbot==2.9.0', 'console_scripts', 'certbot')())
             ^^^^^^^^^^^^^^^^^^^^^^^^^^^^^^^^^^^^^^^^^^^^^^^^^^^^^^^^^^^^^^^^^^
  File "/usr/lib/python3/dist-packages/certbot/main.py", line 19, in main
    return internal_main.main(cli_args)
           ^^^^^^^^^^^^^^^^^^^^^^^^^^^^
  File "/usr/lib/python3/dist-packages/certbot/_internal/main.py", line 1894, in main
    return config.func(config, plugins)
           ^^^^^^^^^^^^^^^^^^^^^^^^^^^^
  File "/usr/lib/python3/dist-packages/certbot/_internal/main.py", line 1600, in certonly
    lineage = _get_and_save_cert(le_client, config, domains, certname, lineage)
              ^^^^^^^^^^^^^^^^^^^^^^^^^^^^^^^^^^^^^^^^^^^^^^^^^^^^^^^^^^^^^^^^^
  File "/usr/lib/python3/dist-packages/certbot/_internal/main.py", line 143, in _get_and_save_cert
    lineage = le_client.obtain_and_enroll_certificate(domains, certname)
              ^^^^^^^^^^^^^^^^^^^^^^^^^^^^^^^^^^^^^^^^^^^^^^^^^^^^^^^^^^
  File "/usr/lib/python3/dist-packages/certbot/_internal/client.py", line 517, in obtain_and_enroll_certificate
    cert, chain, key, _ = self.obtain_certificate(domains)
                          ^^^^^^^^^^^^^^^^^^^^^^^^^^^^^^^^
  File "/usr/lib/python3/dist-packages/certbot/_internal/client.py", line 428, in obtain_certificate
    orderr = self._get_order_and_authorizations(csr.data, self.config.allow_subset_of_names)
             ^^^^^^^^^^^^^^^^^^^^^^^^^^^^^^^^^^^^^^^^^^^^^^^^^^^^^^^^^^^^^^^^^^^^^^^^^^^^^^^
  File "/usr/lib/python3/dist-packages/certbot/_internal/client.py", line 478, in _get_order_and_authorizations
    orderr = self.acme.new_order(csr_pem)
             ^^^^^^^^^^^^^^^^^^^^^^^^^^^^
  File "/usr/lib/python3/dist-packages/acme/client.py", line 144, in new_order
    authorizations.append(self._authzr_from_response(self._post_as_get(url), uri=url))
                                                     ^^^^^^^^^^^^^^^^^^^^^^
  File "/usr/lib/python3/dist-packages/acme/client.py", line 304, in _post_as_get
    return self._post(*new_args, **kwargs)
           ^^^^^^^^^^^^^^^^^^^^^^^^^^^^^^^
  File "/usr/lib/python3/dist-packages/acme/client.py", line 365, in _post
    return self.net.post(*args, **kwargs)
           ^^^^^^^^^^^^^^^^^^^^^^^^^^^^^^
  File "/usr/lib/python3/dist-packages/acme/client.py", line 738, in post
    return self._post_once(*args, **kwargs)
           ^^^^^^^^^^^^^^^^^^^^^^^^^^^^^^^^
  File "/usr/lib/python3/dist-packages/acme/client.py", line 751, in _post_once
    response = self._check_response(response, content_type=content_type)
               ^^^^^^^^^^^^^^^^^^^^^^^^^^^^^^^^^^^^^^^^^^^^^^^^^^^^^^^^^
  File "/usr/lib/python3/dist-packages/acme/client.py", line 602, in _check_response
    raise messages.Error.from_json(jobj)
acme.messages.Error: urn:ietf:params:acme:error:malformed :: The request message was malformed :: No such authorization
2026-04-06 06:55:25,889:ERROR:certbot._internal.log:An unexpected error occurred:
2026-04-06 06:55:25,889:ERROR:certbot._internal.log:No such authorization
2026-04-06 06:55:35,743:DEBUG:certbot._internal.main:certbot version: 2.9.0
2026-04-06 06:55:35,743:DEBUG:certbot._internal.main:Location of certbot entry point: /usr/bin/certbot
2026-04-06 06:55:35,743:DEBUG:certbot._internal.main:Arguments: ['--webroot', '-w', '/var/www/truenorthinsurancesolutions.com', '-d', 'truenorthinsurancesolutions.com', '-d', 'www.truenorthinsurancesolutions.com', '--config-dir', '/var/www/truenorthinsurancesolutions.com/ssl/config', '--work-dir', '/var/www/truenorthinsurancesolutions.com/ssl/work', '--logs-dir', '/var/www/truenorthinsurancesolutions.com/ssl/logs', '--agree-tos', '--register-unsafely-without-email', '--non-interactive']
2026-04-06 06:55:35,743:DEBUG:certbot._internal.main:Discovered plugins: PluginsRegistry(PluginEntryPoint#apache,PluginEntryPoint#manual,PluginEntryPoint#null,PluginEntryPoint#standalone,PluginEntryPoint#webroot)
2026-04-06 06:55:35,749:DEBUG:certbot._internal.log:Root logging level set at 30
2026-04-06 06:55:35,750:DEBUG:certbot._internal.plugins.selection:Requested authenticator webroot and installer None
2026-04-06 06:55:35,750:DEBUG:certbot._internal.plugins.selection:Single candidate plugin: * webroot
Description: Saves the necessary validation files to a .well-known/acme-challenge/ directory within the nominated webroot path. A seperate HTTP server must be running and serving files from the webroot path. HTTP challenge only (wildcards not supported).
Interfaces: Authenticator, Plugin
Entry point: EntryPoint(name='webroot', value='certbot._internal.plugins.webroot:Authenticator', group='certbot.plugins')
Initialized: <certbot._internal.plugins.webroot.Authenticator object at 0x718b51377cb0>
Prep: True
2026-04-06 06:55:35,750:DEBUG:certbot._internal.plugins.selection:Selected authenticator <certbot._internal.plugins.webroot.Authenticator object at 0x718b51377cb0> and installer None
2026-04-06 06:55:35,750:INFO:certbot._internal.plugins.selection:Plugins selected: Authenticator webroot, Installer None
2026-04-06 06:55:35,812:DEBUG:certbot._internal.main:Picked account: <Account(RegistrationResource(body=Registration(key=None, contact=(), agreement=None, status=None, terms_of_service_agreed=None, only_return_existing=None, external_account_binding=None), uri='https://acme-v02.api.letsencrypt.org/acme/acct/3213527411', new_authzr_uri=None, terms_of_service=None), 2b2feac8e035cde9f28a093a6158a98e, Meta(creation_dt=datetime.datetime(2026, 4, 6, 6, 55, 24, tzinfo=<UTC>), creation_host='74-207-240-74.ip.linodeusercontent.com', register_to_eff=None))>
2026-04-06 06:55:35,813:DEBUG:acme.client:Sending GET request to https://acme-v02.api.letsencrypt.org/directory.
2026-04-06 06:55:35,814:DEBUG:urllib3.connectionpool:Starting new HTTPS connection (1): acme-v02.api.letsencrypt.org:443
2026-04-06 06:55:35,918:DEBUG:urllib3.connectionpool:https://acme-v02.api.letsencrypt.org:443 "GET /directory HTTP/1.1" 200 1033
2026-04-06 06:55:35,919:DEBUG:acme.client:Received response:
HTTP 200
Server: nginx
Date: Mon, 06 Apr 2026 06:55:35 GMT
Content-Type: application/json
Content-Length: 1033
Connection: keep-alive
Cache-Control: public, max-age=0, no-cache
X-Frame-Options: DENY
Strict-Transport-Security: max-age=604800

{
  "d2-clAnl9XA": "https://community.letsencrypt.org/t/adding-random-entries-to-the-directory/33417",
  "keyChange": "https://acme-v02.api.letsencrypt.org/acme/key-change",
  "meta": {
    "caaIdentities": [
      "letsencrypt.org"
    ],
    "profiles": {
      "classic": "https://letsencrypt.org/docs/profiles#classic",
      "shortlived": "https://letsencrypt.org/docs/profiles#shortlived",
      "tlsclient": "https://letsencrypt.org/docs/profiles#tlsclient",
      "tlsserver": "https://letsencrypt.org/docs/profiles#tlsserver"
    },
    "termsOfService": "https://letsencrypt.org/documents/LE-SA-v1.6-August-18-2025.pdf",
    "website": "https://letsencrypt.org"
  },
  "newAccount": "https://acme-v02.api.letsencrypt.org/acme/new-acct",
  "newNonce": "https://acme-v02.api.letsencrypt.org/acme/new-nonce",
  "newOrder": "https://acme-v02.api.letsencrypt.org/acme/new-order",
  "renewalInfo": "https://acme-v02.api.letsencrypt.org/acme/renewal-info",
  "revokeCert": "https://acme-v02.api.letsencrypt.org/acme/revoke-cert"
}
2026-04-06 06:55:35,919:DEBUG:certbot._internal.display.obj:Notifying user: Requesting a certificate for truenorthinsurancesolutions.com and www.truenorthinsurancesolutions.com
2026-04-06 06:55:35,923:DEBUG:acme.client:Requesting fresh nonce
2026-04-06 06:55:35,923:DEBUG:acme.client:Sending HEAD request to https://acme-v02.api.letsencrypt.org/acme/new-nonce.
2026-04-06 06:55:35,957:DEBUG:urllib3.connectionpool:https://acme-v02.api.letsencrypt.org:443 "HEAD /acme/new-nonce HTTP/1.1" 200 0
2026-04-06 06:55:35,958:DEBUG:acme.client:Received response:
HTTP 200
Server: nginx
Date: Mon, 06 Apr 2026 06:55:35 GMT
Connection: keep-alive
Cache-Control: public, max-age=0, no-cache
Link: <https://acme-v02.api.letsencrypt.org/directory>;rel="index"
Replay-Nonce: 5OtdIILqEyKxcSV3ep5M9LfJF3_cKDwk0hctYxDLtCYKNIpI78E
X-Frame-Options: DENY
Strict-Transport-Security: max-age=604800


2026-04-06 06:55:35,958:DEBUG:acme.client:Storing nonce: 5OtdIILqEyKxcSV3ep5M9LfJF3_cKDwk0hctYxDLtCYKNIpI78E
2026-04-06 06:55:35,958:DEBUG:acme.client:JWS payload:
b'{\n  "identifiers": [\n    {\n      "type": "dns",\n      "value": "truenorthinsurancesolutions.com"\n    },\n    {\n      "type": "dns",\n      "value": "www.truenorthinsurancesolutions.com"\n    }\n  ]\n}'
2026-04-06 06:55:35,960:DEBUG:acme.client:Sending POST request to https://acme-v02.api.letsencrypt.org/acme/new-order:
{
  "protected": "eyJhbGciOiAiUlMyNTYiLCAia2lkIjogImh0dHBzOi8vYWNtZS12MDIuYXBpLmxldHNlbmNyeXB0Lm9yZy9hY21lL2FjY3QvMzIxMzUyNzQxMSIsICJub25jZSI6ICI1T3RkSUlMcUV5S3hjU1YzZXA1TTlMZkpGM19jS0R3azBoY3RZeERMdENZS05JcEk3OEUiLCAidXJsIjogImh0dHBzOi8vYWNtZS12MDIuYXBpLmxldHNlbmNyeXB0Lm9yZy9hY21lL25ldy1vcmRlciJ9",
  "signature": "V-ogAxlW6SHqcg1REFlxvdQYlpsTogAIlRcH00mdJfUMSE3u_M4ZRYavPWU2XHCZ6Bl7BgNt_hCgAAAaxni5kVlRsvhiJkg8lo8h4dlf8Gp-8T-HFq8Q92hwDpPvKb5fkjdIw7zvMTE79cTfZ5Mw2ablFegvCt1NQ3KFaVgP8bcBK0gu_W5LuJFXd1DVGXJlyJBehIOgdC1cKaR6oL351ggImk-XK4J2XW_ZlFaIv20gq5EugwY6exTryd-uTqXc67oh00DZBkTO27sryuJPwJU0sLj-dEr-Wi49G8qHiaEF9mV5fTD5TSu1tzYp7EzW8glZDq0mVaz6-SGYP_93BA",
  "payload": "ewogICJpZGVudGlmaWVycyI6IFsKICAgIHsKICAgICAgInR5cGUiOiAiZG5zIiwKICAgICAgInZhbHVlIjogInRydWVub3J0aGluc3VyYW5jZXNvbHV0aW9ucy5jb20iCiAgICB9LAogICAgewogICAgICAidHlwZSI6ICJkbnMiLAogICAgICAidmFsdWUiOiAid3d3LnRydWVub3J0aGluc3VyYW5jZXNvbHV0aW9ucy5jb20iCiAgICB9CiAgXQp9"
}
2026-04-06 06:55:36,042:DEBUG:urllib3.connectionpool:https://acme-v02.api.letsencrypt.org:443 "POST /acme/new-order HTTP/1.1" 201 531
2026-04-06 06:55:36,042:DEBUG:acme.client:Received response:
HTTP 201
Server: nginx
Date: Mon, 06 Apr 2026 06:55:36 GMT
Content-Type: application/json
Content-Length: 531
Connection: keep-alive
Boulder-Requester: 3213527411
Cache-Control: public, max-age=0, no-cache
Link: <https://acme-v02.api.letsencrypt.org/directory>;rel="index"
Location: https://acme-v02.api.letsencrypt.org/acme/order/3213527411/497852652971
Replay-Nonce: 5OtdIILqtOq-Y4yFLYaBmqBm1-34ad0M6jiHYbtr7YECLrmvUBE
X-Frame-Options: DENY
Strict-Transport-Security: max-age=604800

{
  "status": "pending",
  "expires": "2026-04-13T06:55:25Z",
  "identifiers": [
    {
      "type": "dns",
      "value": "truenorthinsurancesolutions.com"
    },
    {
      "type": "dns",
      "value": "www.truenorthinsurancesolutions.com"
    }
  ],
  "authorizations": [
    "https://acme-v02.api.letsencrypt.org/acme/authz/3213527411/683961497891",
    "https://acme-v02.api.letsencrypt.org/acme/authz/3213527411/683961498141"
  ],
  "finalize": "https://acme-v02.api.letsencrypt.org/acme/finalize/3213527411/497852652971"
}
2026-04-06 06:55:36,043:DEBUG:acme.client:Storing nonce: 5OtdIILqtOq-Y4yFLYaBmqBm1-34ad0M6jiHYbtr7YECLrmvUBE
2026-04-06 06:55:36,043:DEBUG:acme.client:JWS payload:
b''
2026-04-06 06:55:36,044:DEBUG:acme.client:Sending POST request to https://acme-v02.api.letsencrypt.org/acme/authz/3213527411/683961497891:
{
  "protected": "eyJhbGciOiAiUlMyNTYiLCAia2lkIjogImh0dHBzOi8vYWNtZS12MDIuYXBpLmxldHNlbmNyeXB0Lm9yZy9hY21lL2FjY3QvMzIxMzUyNzQxMSIsICJub25jZSI6ICI1T3RkSUlMcXRPcS1ZNHlGTFlhQm1xQm0xLTM0YWQwTTZqaUhZYnRyN1lFQ0xybXZVQkUiLCAidXJsIjogImh0dHBzOi8vYWNtZS12MDIuYXBpLmxldHNlbmNyeXB0Lm9yZy9hY21lL2F1dGh6LzMyMTM1Mjc0MTEvNjgzOTYxNDk3ODkxIn0",
  "signature": "URintynNl_e0OTf8y5z3CYtP23LqfXc16zBzVU-s6APaSY7W69ZcQfNs9w9vGuHB6vu7zNgK-V-qiwRpYwY4fHUU1F40mgs6KOg8Nn-ZUwyG1mQoO9MuKI9qUwNrOVT6lOhwYRxmgcgJyp2L6jdrgKrWaMJAroWRo0ioQRj7to7cL7Peob-KQQIjbyiSO5QMvqBUNUfdDgvV_A9SYIAPri7fiPOJcwNYdXyNJ7W6vbFLRIRolfcUR80q1kKCPWMXE10Rz2GMvwkI8dBeE6JhDW4pvWXWaA4YUqmWyJwMb8PKpduHyAEwUycS3mu6ey342H0mOsfWmGwPl1WZFTW4Ew",
  "payload": ""
}
2026-04-06 06:55:36,093:DEBUG:urllib3.connectionpool:https://acme-v02.api.letsencrypt.org:443 "POST /acme/authz/3213527411/683961497891 HTTP/1.1" 200 839
2026-04-06 06:55:36,094:DEBUG:acme.client:Received response:
HTTP 200
Server: nginx
Date: Mon, 06 Apr 2026 06:55:36 GMT
Content-Type: application/json
Content-Length: 839
Connection: keep-alive
Boulder-Requester: 3213527411
Cache-Control: public, max-age=0, no-cache
Link: <https://acme-v02.api.letsencrypt.org/directory>;rel="index"
Replay-Nonce: 5OtdIILqKqLSCpvpcsMWLwf-ZHdq50sfWot8szVkDVchFcIiAQE
X-Frame-Options: DENY
Strict-Transport-Security: max-age=604800

{
  "identifier": {
    "type": "dns",
    "value": "truenorthinsurancesolutions.com"
  },
  "status": "pending",
  "expires": "2026-04-13T06:55:25Z",
  "challenges": [
    {
      "type": "http-01",
      "url": "https://acme-v02.api.letsencrypt.org/acme/chall/3213527411/683961497891/A5S1ng",
      "status": "pending",
      "token": "pBU4PCL4HGanuS2kYSyks3EAT0IjP5rXLL0d-bcPuVA"
    },
    {
      "type": "tls-alpn-01",
      "url": "https://acme-v02.api.letsencrypt.org/acme/chall/3213527411/683961497891/qKe7gw",
      "status": "pending",
      "token": "pBU4PCL4HGanuS2kYSyks3EAT0IjP5rXLL0d-bcPuVA"
    },
    {
      "type": "dns-01",
      "url": "https://acme-v02.api.letsencrypt.org/acme/chall/3213527411/683961497891/tKdqvQ",
      "status": "pending",
      "token": "pBU4PCL4HGanuS2kYSyks3EAT0IjP5rXLL0d-bcPuVA"
    }
  ]
}
2026-04-06 06:55:36,094:DEBUG:acme.client:Storing nonce: 5OtdIILqKqLSCpvpcsMWLwf-ZHdq50sfWot8szVkDVchFcIiAQE
2026-04-06 06:55:36,094:DEBUG:acme.client:JWS payload:
b''
2026-04-06 06:55:36,095:DEBUG:acme.client:Sending POST request to https://acme-v02.api.letsencrypt.org/acme/authz/3213527411/683961498141:
{
  "protected": "eyJhbGciOiAiUlMyNTYiLCAia2lkIjogImh0dHBzOi8vYWNtZS12MDIuYXBpLmxldHNlbmNyeXB0Lm9yZy9hY21lL2FjY3QvMzIxMzUyNzQxMSIsICJub25jZSI6ICI1T3RkSUlMcUtxTFNDcHZwY3NNV0x3Zi1aSGRxNTBzZldvdDhzelZrRFZjaEZjSWlBUUUiLCAidXJsIjogImh0dHBzOi8vYWNtZS12MDIuYXBpLmxldHNlbmNyeXB0Lm9yZy9hY21lL2F1dGh6LzMyMTM1Mjc0MTEvNjgzOTYxNDk4MTQxIn0",
  "signature": "Lr7yiL6XZA-xM7WgUy8MzV3qdkjvxJWpNehwlV-EKG1nsm3ytViuQ0I1vXLhheYOaPHk9HQS-gwb6cytaqkUA1AQTqWceG6f-gLN1f1L-u4TaO-ZD0XoKoG3siNnXrVod0QX2SzJ3khat7laHoNJgLctOm2ttBPDt7ILvDGwbQKR7Xf-MTdsTCPkigViAwT6RJlPESZLuaVvE1qIf1mTHObXl6Es3wzunJOSZ1xMG418u39BS-C0mxBaAZMdBeFZGvsd57zEynricUNUn3i-V_TgdRv5uDlr3INfSkcpI_dysDCKWcUEFdMwXYCe_27C49VC7I0rNVhgku2gQ0JaiA",
  "payload": ""
}
2026-04-06 06:55:36,131:DEBUG:urllib3.connectionpool:https://acme-v02.api.letsencrypt.org:443 "POST /acme/authz/3213527411/683961498141 HTTP/1.1" 200 843
2026-04-06 06:55:36,131:DEBUG:acme.client:Received response:
HTTP 200
Server: nginx
Date: Mon, 06 Apr 2026 06:55:36 GMT
Content-Type: application/json
Content-Length: 843
Connection: keep-alive
Boulder-Requester: 3213527411
Cache-Control: public, max-age=0, no-cache
Link: <https://acme-v02.api.letsencrypt.org/directory>;rel="index"
Replay-Nonce: g0sCnD0oORFjpPDlo5htDvXSZmsXN2a_nxGvLaT41EnUVjIjrkg
X-Frame-Options: DENY
Strict-Transport-Security: max-age=604800

{
  "identifier": {
    "type": "dns",
    "value": "www.truenorthinsurancesolutions.com"
  },
  "status": "pending",
  "expires": "2026-04-13T06:55:25Z",
  "challenges": [
    {
      "type": "http-01",
      "url": "https://acme-v02.api.letsencrypt.org/acme/chall/3213527411/683961498141/4Xrr1A",
      "status": "pending",
      "token": "i9TSxuZVNRWxT_kg_owEyZrnk_VRZgnCm3iyp9HqnVw"
    },
    {
      "type": "tls-alpn-01",
      "url": "https://acme-v02.api.letsencrypt.org/acme/chall/3213527411/683961498141/qDpMZQ",
      "status": "pending",
      "token": "i9TSxuZVNRWxT_kg_owEyZrnk_VRZgnCm3iyp9HqnVw"
    },
    {
      "type": "dns-01",
      "url": "https://acme-v02.api.letsencrypt.org/acme/chall/3213527411/683961498141/bEoA8g",
      "status": "pending",
      "token": "i9TSxuZVNRWxT_kg_owEyZrnk_VRZgnCm3iyp9HqnVw"
    }
  ]
}
2026-04-06 06:55:36,131:DEBUG:acme.client:Storing nonce: g0sCnD0oORFjpPDlo5htDvXSZmsXN2a_nxGvLaT41EnUVjIjrkg
2026-04-06 06:55:36,132:INFO:certbot._internal.auth_handler:Performing the following challenges:
2026-04-06 06:55:36,132:INFO:certbot._internal.auth_handler:http-01 challenge for truenorthinsurancesolutions.com
2026-04-06 06:55:36,132:INFO:certbot._internal.auth_handler:http-01 challenge for www.truenorthinsurancesolutions.com
2026-04-06 06:55:36,132:INFO:certbot._internal.plugins.webroot:Using the webroot path /var/www/truenorthinsurancesolutions.com for all unmatched domains.
2026-04-06 06:55:36,132:DEBUG:certbot._internal.plugins.webroot:Creating root challenges validation dir at /var/www/truenorthinsurancesolutions.com/.well-known/acme-challenge
2026-04-06 06:55:36,132:DEBUG:certbot._internal.plugins.webroot:Creating root challenges validation dir at /var/www/truenorthinsurancesolutions.com/.well-known/acme-challenge
2026-04-06 06:55:36,133:DEBUG:certbot._internal.plugins.webroot:Attempting to save validation to /var/www/truenorthinsurancesolutions.com/.well-known/acme-challenge/pBU4PCL4HGanuS2kYSyks3EAT0IjP5rXLL0d-bcPuVA
2026-04-06 06:55:36,134:DEBUG:certbot._internal.plugins.webroot:Attempting to save validation to /var/www/truenorthinsurancesolutions.com/.well-known/acme-challenge/i9TSxuZVNRWxT_kg_owEyZrnk_VRZgnCm3iyp9HqnVw
2026-04-06 06:55:36,134:DEBUG:acme.client:JWS payload:
b'{}'
2026-04-06 06:55:36,135:DEBUG:acme.client:Sending POST request to https://acme-v02.api.letsencrypt.org/acme/chall/3213527411/683961497891/A5S1ng:
{
  "protected": "eyJhbGciOiAiUlMyNTYiLCAia2lkIjogImh0dHBzOi8vYWNtZS12MDIuYXBpLmxldHNlbmNyeXB0Lm9yZy9hY21lL2FjY3QvMzIxMzUyNzQxMSIsICJub25jZSI6ICJnMHNDbkQwb09SRmpwUERsbzVodER2WFNabXNYTjJhX254R3ZMYVQ0MUVuVVZqSWpya2ciLCAidXJsIjogImh0dHBzOi8vYWNtZS12MDIuYXBpLmxldHNlbmNyeXB0Lm9yZy9hY21lL2NoYWxsLzMyMTM1Mjc0MTEvNjgzOTYxNDk3ODkxL0E1UzFuZyJ9",
  "signature": "ELbXW-Gc_Ybl96QKHIByE5q9Su85QW7djSHYf1va7qJ2XQnZ6Zm8qbq7LVzCDDC5MbFDBQD1dFbiQnbEXa3vL4lG2_-YriyalDTFDfhxoFZ8Rbd21EdgUxdmOfHcvfN9sxlh46SvvRwn-LFbnu7yMV6ngqQ4MsUykbA_MPHhWCpEJYWqdBGU9uZez6pxBnyLz04WzQqk2ApkXrWbNlH9Ogchfdttr4QKz1IZe3JHwA7lPV8vs8s8qKHeV2NJWMBX43BWtWzyorxQ2k2AEZSGzJu7S-6S93pAkrb_yhSvqx-OllxEFb_n8lP4ejhFnpzp-hnoH6RCBwK3T427I6UjXA",
  "payload": "e30"
}
2026-04-06 06:55:36,171:DEBUG:urllib3.connectionpool:https://acme-v02.api.letsencrypt.org:443 "POST /acme/chall/3213527411/683961497891/A5S1ng HTTP/1.1" 200 195
2026-04-06 06:55:36,172:DEBUG:acme.client:Received response:
HTTP 200
Server: nginx
Date: Mon, 06 Apr 2026 06:55:36 GMT
Content-Type: application/json
Content-Length: 195
Connection: keep-alive
Boulder-Requester: 3213527411
Cache-Control: public, max-age=0, no-cache
Link: <https://acme-v02.api.letsencrypt.org/directory>;rel="index", <https://acme-v02.api.letsencrypt.org/acme/authz/3213527411/683961497891>;rel="up"
Location: https://acme-v02.api.letsencrypt.org/acme/chall/3213527411/683961497891/A5S1ng
Replay-Nonce: 5OtdIILqvVadPrv8s0PtdCX5TwhG8Db3yM5PISeZCclLRJQ_oC8
X-Frame-Options: DENY
Strict-Transport-Security: max-age=604800

{
  "type": "http-01",
  "url": "https://acme-v02.api.letsencrypt.org/acme/chall/3213527411/683961497891/A5S1ng",
  "status": "pending",
  "token": "pBU4PCL4HGanuS2kYSyks3EAT0IjP5rXLL0d-bcPuVA"
}
2026-04-06 06:55:36,172:DEBUG:acme.client:Storing nonce: 5OtdIILqvVadPrv8s0PtdCX5TwhG8Db3yM5PISeZCclLRJQ_oC8
2026-04-06 06:55:36,172:DEBUG:acme.client:JWS payload:
b'{}'
2026-04-06 06:55:36,173:DEBUG:acme.client:Sending POST request to https://acme-v02.api.letsencrypt.org/acme/chall/3213527411/683961498141/4Xrr1A:
{
  "protected": "eyJhbGciOiAiUlMyNTYiLCAia2lkIjogImh0dHBzOi8vYWNtZS12MDIuYXBpLmxldHNlbmNyeXB0Lm9yZy9hY21lL2FjY3QvMzIxMzUyNzQxMSIsICJub25jZSI6ICI1T3RkSUlMcXZWYWRQcnY4czBQdGRDWDVUd2hHOERiM3lNNVBJU2VaQ2NsTFJKUV9vQzgiLCAidXJsIjogImh0dHBzOi8vYWNtZS12MDIuYXBpLmxldHNlbmNyeXB0Lm9yZy9hY21lL2NoYWxsLzMyMTM1Mjc0MTEvNjgzOTYxNDk4MTQxLzRYcnIxQSJ9",
  "signature": "myBVc8rN_y4LQlkLCZlp9DmV8mZtXzCI2GXncw0fsdgXLAV9FhQeOuOG9LA5bi8xHgkDeIfzSi6KOtCg19RM5tXY-8QiPz_hG5UbfbaAKYCzgYn7c6h4aly9PeaoyiAXRU4rx_Ksbvafc71bcsMLxMCps4ILEoEedi4eYKNbN-ur-x0TbbY8LxtyRXXcYZCYJs8iHsi1ynSjX7iOW8fI57QNYKsa3lBYwQTxHM8zL5ZDaEo4cC_G802013t7T-nbwIO2EeTGHv-RH7YLjbIuZIEt6WVBOWe1Fjkv6di4SKVOW4_Sot6r4XuGqZvpJU1yKOEp2Vd6-GNkABsaslpFfw",
  "payload": "e30"
}
2026-04-06 06:55:36,211:DEBUG:urllib3.connectionpool:https://acme-v02.api.letsencrypt.org:443 "POST /acme/chall/3213527411/683961498141/4Xrr1A HTTP/1.1" 200 195
2026-04-06 06:55:36,211:DEBUG:acme.client:Received response:
HTTP 200
Server: nginx
Date: Mon, 06 Apr 2026 06:55:36 GMT
Content-Type: application/json
Content-Length: 195
Connection: keep-alive
Boulder-Requester: 3213527411
Cache-Control: public, max-age=0, no-cache
Link: <https://acme-v02.api.letsencrypt.org/directory>;rel="index", <https://acme-v02.api.letsencrypt.org/acme/authz/3213527411/683961498141>;rel="up"
Location: https://acme-v02.api.letsencrypt.org/acme/chall/3213527411/683961498141/4Xrr1A
Replay-Nonce: 5OtdIILqx4RhVyyeyICShFwfvrtpfm3o40FqttCUOM-tbRGdGz4
X-Frame-Options: DENY
Strict-Transport-Security: max-age=604800

{
  "type": "http-01",
  "url": "https://acme-v02.api.letsencrypt.org/acme/chall/3213527411/683961498141/4Xrr1A",
  "status": "pending",
  "token": "i9TSxuZVNRWxT_kg_owEyZrnk_VRZgnCm3iyp9HqnVw"
}
2026-04-06 06:55:36,211:DEBUG:acme.client:Storing nonce: 5OtdIILqx4RhVyyeyICShFwfvrtpfm3o40FqttCUOM-tbRGdGz4
2026-04-06 06:55:36,211:INFO:certbot._internal.auth_handler:Waiting for verification...
2026-04-06 06:55:37,211:DEBUG:acme.client:JWS payload:
b''
2026-04-06 06:55:37,213:DEBUG:acme.client:Sending POST request to https://acme-v02.api.letsencrypt.org/acme/authz/3213527411/683961497891:
{
  "protected": "eyJhbGciOiAiUlMyNTYiLCAia2lkIjogImh0dHBzOi8vYWNtZS12MDIuYXBpLmxldHNlbmNyeXB0Lm9yZy9hY21lL2FjY3QvMzIxMzUyNzQxMSIsICJub25jZSI6ICI1T3RkSUlMcXg0UmhWeXlleUlDU2hGd2Z2cnRwZm0zbzQwRnF0dENVT00tdGJSR2RHejQiLCAidXJsIjogImh0dHBzOi8vYWNtZS12MDIuYXBpLmxldHNlbmNyeXB0Lm9yZy9hY21lL2F1dGh6LzMyMTM1Mjc0MTEvNjgzOTYxNDk3ODkxIn0",
  "signature": "k7YU5LptgeRkBUmG9q8DxJDDtBOIWgDegot0vINpVlO-ujHBGMqKcueEjyuG3a7h2Xo3B8xsFT6aSzUOMKKkdebv6HNcgoCFw49g9GVO9cTM5GkpvAsudL1O-UyhSOPj3EvN0AQx_a_U-SCuB-VYVshIShb-rfP2_rOqrVi0WsmhYtk0ZZmO46kU2eWMel2dS4o6KghmCN3dZcLHCKoV75aiWrh17EiZEuo4BoNHEyQm7Lx7pLjd_VUJe1NpArZGvk4tatU9cd2eTqKAT2375mTAp7Y__69nI4QKdx_W8GFuWM-ax90euf9BvMEPFzg7rZHUnjNXhHByYB-FfZdn3Q",
  "payload": ""
}
2026-04-06 06:55:37,250:DEBUG:urllib3.connectionpool:https://acme-v02.api.letsencrypt.org:443 "POST /acme/authz/3213527411/683961497891 HTTP/1.1" 200 839
2026-04-06 06:55:37,250:DEBUG:acme.client:Received response:
HTTP 200
Server: nginx
Date: Mon, 06 Apr 2026 06:55:37 GMT
Content-Type: application/json
Content-Length: 839
Connection: keep-alive
Boulder-Requester: 3213527411
Cache-Control: public, max-age=0, no-cache
Link: <https://acme-v02.api.letsencrypt.org/directory>;rel="index"
Replay-Nonce: g0sCnD0o6xxuT3NFOTMXjY887RWoTGC5998p5-T2YCPWXtoOGLY
X-Frame-Options: DENY
Strict-Transport-Security: max-age=604800

{
  "identifier": {
    "type": "dns",
    "value": "truenorthinsurancesolutions.com"
  },
  "status": "pending",
  "expires": "2026-04-13T06:55:25Z",
  "challenges": [
    {
      "type": "http-01",
      "url": "https://acme-v02.api.letsencrypt.org/acme/chall/3213527411/683961497891/A5S1ng",
      "status": "pending",
      "token": "pBU4PCL4HGanuS2kYSyks3EAT0IjP5rXLL0d-bcPuVA"
    },
    {
      "type": "dns-01",
      "url": "https://acme-v02.api.letsencrypt.org/acme/chall/3213527411/683961497891/tKdqvQ",
      "status": "pending",
      "token": "pBU4PCL4HGanuS2kYSyks3EAT0IjP5rXLL0d-bcPuVA"
    },
    {
      "type": "tls-alpn-01",
      "url": "https://acme-v02.api.letsencrypt.org/acme/chall/3213527411/683961497891/qKe7gw",
      "status": "pending",
      "token": "pBU4PCL4HGanuS2kYSyks3EAT0IjP5rXLL0d-bcPuVA"
    }
  ]
}
2026-04-06 06:55:37,250:DEBUG:acme.client:Storing nonce: g0sCnD0o6xxuT3NFOTMXjY887RWoTGC5998p5-T2YCPWXtoOGLY
2026-04-06 06:55:37,251:DEBUG:acme.client:JWS payload:
b''
2026-04-06 06:55:37,252:DEBUG:acme.client:Sending POST request to https://acme-v02.api.letsencrypt.org/acme/authz/3213527411/683961498141:
{
  "protected": "eyJhbGciOiAiUlMyNTYiLCAia2lkIjogImh0dHBzOi8vYWNtZS12MDIuYXBpLmxldHNlbmNyeXB0Lm9yZy9hY21lL2FjY3QvMzIxMzUyNzQxMSIsICJub25jZSI6ICJnMHNDbkQwbzZ4eHVUM05GT1RNWGpZODg3UldvVEdDNTk5OHA1LVQyWUNQV1h0b09HTFkiLCAidXJsIjogImh0dHBzOi8vYWNtZS12MDIuYXBpLmxldHNlbmNyeXB0Lm9yZy9hY21lL2F1dGh6LzMyMTM1Mjc0MTEvNjgzOTYxNDk4MTQxIn0",
  "signature": "SYPpZeFL_u5H5u1jEkCMLxLtDr21-D2nTyMv6aRIZsLKfUkg6Kanq9hmEBfYxarAR5jKqw0zXkYdYdizoBvPFu2_Li3cb0AF_oKVw2CJRk2xNS_RK5938aNnnbRdcTUhhuB812TGtSWfyGb_Jhy1YELlpIof6GTST9rlDjBqd6Uv59C402goox5hOzyqS8yaQn2hb9e4Ey7F8pg88DCNZl5j6DbBlm5fVbgvI4fwIM0PhfJNp4rajAb8seenvbsZ1IGtmLpLojJHctht36AWV0HbpWedvbCFkNi8EYvFCTg7HEbr6f47WQEt4vmfn-fiOclnOHnNCG95cyHR2nP3aQ",
  "payload": ""
}
2026-04-06 06:55:37,358:DEBUG:urllib3.connectionpool:https://acme-v02.api.letsencrypt.org:443 "POST /acme/authz/3213527411/683961498141 HTTP/1.1" 200 843
2026-04-06 06:55:37,358:DEBUG:acme.client:Received response:
HTTP 200
Server: nginx
Date: Mon, 06 Apr 2026 06:55:37 GMT
Content-Type: application/json
Content-Length: 843
Connection: keep-alive
Boulder-Requester: 3213527411
Cache-Control: public, max-age=0, no-cache
Link: <https://acme-v02.api.letsencrypt.org/directory>;rel="index"
Replay-Nonce: 5OtdIILqwQriEUgrhxmrHyd4jkMidEDsrCg1dlv3yXSo2gxNclI
X-Frame-Options: DENY
Strict-Transport-Security: max-age=604800

{
  "identifier": {
    "type": "dns",
    "value": "www.truenorthinsurancesolutions.com"
  },
  "status": "pending",
  "expires": "2026-04-13T06:55:25Z",
  "challenges": [
    {
      "type": "http-01",
      "url": "https://acme-v02.api.letsencrypt.org/acme/chall/3213527411/683961498141/4Xrr1A",
      "status": "pending",
      "token": "i9TSxuZVNRWxT_kg_owEyZrnk_VRZgnCm3iyp9HqnVw"
    },
    {
      "type": "tls-alpn-01",
      "url": "https://acme-v02.api.letsencrypt.org/acme/chall/3213527411/683961498141/qDpMZQ",
      "status": "pending",
      "token": "i9TSxuZVNRWxT_kg_owEyZrnk_VRZgnCm3iyp9HqnVw"
    },
    {
      "type": "dns-01",
      "url": "https://acme-v02.api.letsencrypt.org/acme/chall/3213527411/683961498141/bEoA8g",
      "status": "pending",
      "token": "i9TSxuZVNRWxT_kg_owEyZrnk_VRZgnCm3iyp9HqnVw"
    }
  ]
}
2026-04-06 06:55:37,358:DEBUG:acme.client:Storing nonce: 5OtdIILqwQriEUgrhxmrHyd4jkMidEDsrCg1dlv3yXSo2gxNclI
2026-04-06 06:55:40,359:DEBUG:acme.client:JWS payload:
b''
2026-04-06 06:55:40,361:DEBUG:acme.client:Sending POST request to https://acme-v02.api.letsencrypt.org/acme/authz/3213527411/683961497891:
{
  "protected": "eyJhbGciOiAiUlMyNTYiLCAia2lkIjogImh0dHBzOi8vYWNtZS12MDIuYXBpLmxldHNlbmNyeXB0Lm9yZy9hY21lL2FjY3QvMzIxMzUyNzQxMSIsICJub25jZSI6ICI1T3RkSUlMcXdRcmlFVWdyaHhtckh5ZDRqa01pZEVEc3JDZzFkbHYzeVhTbzJneE5jbEkiLCAidXJsIjogImh0dHBzOi8vYWNtZS12MDIuYXBpLmxldHNlbmNyeXB0Lm9yZy9hY21lL2F1dGh6LzMyMTM1Mjc0MTEvNjgzOTYxNDk3ODkxIn0",
  "signature": "IH63K-aDqa9iVWeV2xmRqHEocd-hzVEFGUtr0SSlrRSC8QiKO_OYQPFiId-IyQuQOd733K53Cp5q_rhKTuZ190ENxQBkB9935hfYlPvrDcZMm322yFyRLajx4iSH_yiSLDogGEEsNOr539Yi5L12qCaG2pomtQnoSiU6uLcQJxv8OmL0QWqSFefmT0wtBMNCPG1fym9T3kgA0IEoipOK1Ty2Z6Zmk4T0EfiDODCNKKHSS635IXcHpck0nRRunmvO389jbzHkgniC5w_x29RR3AXUxsaE5-yjVNH2vzeqc9mr2_izb5Xif_e0Je2wDNQ2h8St2W6A9D225z0MclfzRQ",
  "payload": ""
}
2026-04-06 06:55:40,396:DEBUG:urllib3.connectionpool:https://acme-v02.api.letsencrypt.org:443 "POST /acme/authz/3213527411/683961497891 HTTP/1.1" 200 816
2026-04-06 06:55:40,397:DEBUG:acme.client:Received response:
HTTP 200
Server: nginx
Date: Mon, 06 Apr 2026 06:55:40 GMT
Content-Type: application/json
Content-Length: 816
Connection: keep-alive
Boulder-Requester: 3213527411
Cache-Control: public, max-age=0, no-cache
Link: <https://acme-v02.api.letsencrypt.org/directory>;rel="index"
Replay-Nonce: 5OtdIILqbxmcp9WH63A9CPcG6Kb9lAa4L_NWWHiwDVNreky1wLo
X-Frame-Options: DENY
Strict-Transport-Security: max-age=604800

{
  "identifier": {
    "type": "dns",
    "value": "truenorthinsurancesolutions.com"
  },
  "status": "valid",
  "expires": "2026-05-06T06:55:37Z",
  "challenges": [
    {
      "type": "http-01",
      "url": "https://acme-v02.api.letsencrypt.org/acme/chall/3213527411/683961497891/A5S1ng",
      "status": "valid",
      "validated": "2026-04-06T06:55:36Z",
      "token": "pBU4PCL4HGanuS2kYSyks3EAT0IjP5rXLL0d-bcPuVA",
      "validationRecord": [
        {
          "url": "http://truenorthinsurancesolutions.com/.well-known/acme-challenge/pBU4PCL4HGanuS2kYSyks3EAT0IjP5rXLL0d-bcPuVA",
          "hostname": "truenorthinsurancesolutions.com",
          "port": "80",
          "addressesResolved": [
            "74.207.240.74"
          ],
          "addressUsed": "74.207.240.74"
        }
      ]
    }
  ]
}
2026-04-06 06:55:40,397:DEBUG:acme.client:Storing nonce: 5OtdIILqbxmcp9WH63A9CPcG6Kb9lAa4L_NWWHiwDVNreky1wLo
2026-04-06 06:55:40,397:DEBUG:acme.client:JWS payload:
b''
2026-04-06 06:55:40,398:DEBUG:acme.client:Sending POST request to https://acme-v02.api.letsencrypt.org/acme/authz/3213527411/683961498141:
{
  "protected": "eyJhbGciOiAiUlMyNTYiLCAia2lkIjogImh0dHBzOi8vYWNtZS12MDIuYXBpLmxldHNlbmNyeXB0Lm9yZy9hY21lL2FjY3QvMzIxMzUyNzQxMSIsICJub25jZSI6ICI1T3RkSUlMcWJ4bWNwOVdINjNBOUNQY0c2S2I5bEFhNExfTldXSGl3RFZOcmVreTF3TG8iLCAidXJsIjogImh0dHBzOi8vYWNtZS12MDIuYXBpLmxldHNlbmNyeXB0Lm9yZy9hY21lL2F1dGh6LzMyMTM1Mjc0MTEvNjgzOTYxNDk4MTQxIn0",
  "signature": "R2hd24IpnvFZY8GMzl4ggTXNy2yHBnn2jZsVWG6CGznM3QF9er4-y-SI4ahBw-6i23maRTpcC9UazW-K5WriCQyFe8nKJATGIjH-f6lTLQm8GmNRLy2xxLvsonZyqyJJPlgFRHqC8Edt6X_fvrXWBJ0u3PZwgX4qs0XscNwFq7TohTLTxZLlmW-tJDTZCDnb_6Rvnh0hTNP_bdr0kXikdUrUsJoDR26eXEQscl5SAVp_uZ2b8izgBkz31tniCLQA4uT5c-yzshYJl4xKUNohLYf71GxawpVIsXQ7ezyGM4HjFLF-OX0yuE37VkTqgWD5AczCKGrVsBy04oRdRArl7g",
  "payload": ""
}
2026-04-06 06:55:40,434:DEBUG:urllib3.connectionpool:https://acme-v02.api.letsencrypt.org:443 "POST /acme/authz/3213527411/683961498141 HTTP/1.1" 200 828
2026-04-06 06:55:40,435:DEBUG:acme.client:Received response:
HTTP 200
Server: nginx
Date: Mon, 06 Apr 2026 06:55:40 GMT
Content-Type: application/json
Content-Length: 828
Connection: keep-alive
Boulder-Requester: 3213527411
Cache-Control: public, max-age=0, no-cache
Link: <https://acme-v02.api.letsencrypt.org/directory>;rel="index"
Replay-Nonce: 5OtdIILqjOYn9_sIeDP9vRlnQzGYZ2RY7JvwBWru4Q38TYXtAIE
X-Frame-Options: DENY
Strict-Transport-Security: max-age=604800

{
  "identifier": {
    "type": "dns",
    "value": "www.truenorthinsurancesolutions.com"
  },
  "status": "valid",
  "expires": "2026-05-06T06:55:37Z",
  "challenges": [
    {
      "type": "http-01",
      "url": "https://acme-v02.api.letsencrypt.org/acme/chall/3213527411/683961498141/4Xrr1A",
      "status": "valid",
      "validated": "2026-04-06T06:55:36Z",
      "token": "i9TSxuZVNRWxT_kg_owEyZrnk_VRZgnCm3iyp9HqnVw",
      "validationRecord": [
        {
          "url": "http://www.truenorthinsurancesolutions.com/.well-known/acme-challenge/i9TSxuZVNRWxT_kg_owEyZrnk_VRZgnCm3iyp9HqnVw",
          "hostname": "www.truenorthinsurancesolutions.com",
          "port": "80",
          "addressesResolved": [
            "74.207.240.74"
          ],
          "addressUsed": "74.207.240.74"
        }
      ]
    }
  ]
}
2026-04-06 06:55:40,435:DEBUG:acme.client:Storing nonce: 5OtdIILqjOYn9_sIeDP9vRlnQzGYZ2RY7JvwBWru4Q38TYXtAIE
2026-04-06 06:55:40,435:DEBUG:certbot._internal.error_handler:Calling registered functions
2026-04-06 06:55:40,435:INFO:certbot._internal.auth_handler:Cleaning up challenges
2026-04-06 06:55:40,435:DEBUG:certbot._internal.plugins.webroot:Removing /var/www/truenorthinsurancesolutions.com/.well-known/acme-challenge/pBU4PCL4HGanuS2kYSyks3EAT0IjP5rXLL0d-bcPuVA
2026-04-06 06:55:40,435:DEBUG:certbot._internal.plugins.webroot:Removing /var/www/truenorthinsurancesolutions.com/.well-known/acme-challenge/i9TSxuZVNRWxT_kg_owEyZrnk_VRZgnCm3iyp9HqnVw
2026-04-06 06:55:40,435:DEBUG:certbot._internal.plugins.webroot:All challenges cleaned up
2026-04-06 06:55:40,436:DEBUG:certbot._internal.client:CSR: CSR(file=None, data=b'-----BEGIN CERTIFICATE REQUEST-----\nMIIBHDCBxAIBADAAMFkwEwYHKoZIzj0CAQYIKoZIzj0DAQcDQgAEDIHIvFV7PsIm\nOeOGVq1lGF8vk4zEe5JLzOdn07a3TjqFYTeWNnmqvCpBTXlDeEO0AHnjIv8pNGvj\n+4CfHPXs/KBiMGAGCSqGSIb3DQEJDjFTMFEwTwYDVR0RBEgwRoIfdHJ1ZW5vcnRo\naW5zdXJhbmNlc29sdXRpb25zLmNvbYIjd3d3LnRydWVub3J0aGluc3VyYW5jZXNv\nbHV0aW9ucy5jb20wCgYIKoZIzj0EAwIDRwAwRAIgCFSEONMC3DGnWokzwYK6dcrz\nhiQEY2WYYMH5QYkm0t4CIHjyshQtS5q9ozS+Mpa7cWpxj9KxN7soAK6Vk4q/m3Nm\n-----END CERTIFICATE REQUEST-----\n', form='pem')
2026-04-06 06:55:40,436:DEBUG:certbot._internal.client:Will poll for certificate issuance until 2026-04-06 06:57:10.436248
2026-04-06 06:55:40,436:DEBUG:acme.client:JWS payload:
b'{\n  "csr": "MIIBHDCBxAIBADAAMFkwEwYHKoZIzj0CAQYIKoZIzj0DAQcDQgAEDIHIvFV7PsImOeOGVq1lGF8vk4zEe5JLzOdn07a3TjqFYTeWNnmqvCpBTXlDeEO0AHnjIv8pNGvj-4CfHPXs_KBiMGAGCSqGSIb3DQEJDjFTMFEwTwYDVR0RBEgwRoIfdHJ1ZW5vcnRoaW5zdXJhbmNlc29sdXRpb25zLmNvbYIjd3d3LnRydWVub3J0aGluc3VyYW5jZXNvbHV0aW9ucy5jb20wCgYIKoZIzj0EAwIDRwAwRAIgCFSEONMC3DGnWokzwYK6dcrzhiQEY2WYYMH5QYkm0t4CIHjyshQtS5q9ozS-Mpa7cWpxj9KxN7soAK6Vk4q_m3Nm"\n}'
2026-04-06 06:55:40,437:DEBUG:acme.client:Sending POST request to https://acme-v02.api.letsencrypt.org/acme/finalize/3213527411/497852652971:
{
  "protected": "eyJhbGciOiAiUlMyNTYiLCAia2lkIjogImh0dHBzOi8vYWNtZS12MDIuYXBpLmxldHNlbmNyeXB0Lm9yZy9hY21lL2FjY3QvMzIxMzUyNzQxMSIsICJub25jZSI6ICI1T3RkSUlMcWpPWW45X3NJZURQOXZSbG5RekdZWjJSWTdKdndCV3J1NFEzOFRZWHRBSUUiLCAidXJsIjogImh0dHBzOi8vYWNtZS12MDIuYXBpLmxldHNlbmNyeXB0Lm9yZy9hY21lL2ZpbmFsaXplLzMyMTM1Mjc0MTEvNDk3ODUyNjUyOTcxIn0",
  "signature": "D8LYEu7dUIzysrIYA0WKcNvDRfulgNvqVe5ffQdYuQYRv4U9tiET9nS1Q0xY3n_rDmbAy0FCc3ABrN2ui_W9Vk0L2NU1aqiMwaA0T8q8jqRXeULLjhnG_uSZWwkOe5-mXeOEUui9_8noohRJ5qUPN7NieLu--kfsYwdaam6g8VgXOYd0Rc63lqJvz81hc44ZUvlJyBa-fiRF1iHsXD7BzRVxuJw8L2FW8Jp1XeIwWeZjg1yMV_XNJ_rWbw1M1VsqnsLjj9tJJWXJF9kCmsuMH0ZMyVd0veI6wpFvDWEnw_RiDWkFGQi3abizZNQaZBnpis264s64obWu73b76L5vYg",
  "payload": "ewogICJjc3IiOiAiTUlJQkhEQ0J4QUlCQURBQU1Ga3dFd1lIS29aSXpqMENBUVlJS29aSXpqMERBUWNEUWdBRURJSEl2RlY3UHNJbU9lT0dWcTFsR0Y4dms0ekVlNUpMek9kbjA3YTNUanFGWVRlV05ubXF2Q3BCVFhsRGVFTzBBSG5qSXY4cE5HdmotNENmSFBYc19LQmlNR0FHQ1NxR1NJYjNEUUVKRGpGVE1GRXdUd1lEVlIwUkJFZ3dSb0lmZEhKMVpXNXZjblJvYVc1emRYSmhibU5sYzI5c2RYUnBiMjV6TG1OdmJZSWpkM2QzTG5SeWRXVnViM0owYUdsdWMzVnlZVzVqWlhOdmJIVjBhVzl1Y3k1amIyMHdDZ1lJS29aSXpqMEVBd0lEUndBd1JBSWdDRlNFT05NQzNER25Xb2t6d1lLNmRjcnpoaVFFWTJXWVlNSDVRWWttMHQ0Q0lIanlzaFF0UzVxOW96Uy1NcGE3Y1dweGo5S3hON3NvQUs2Vms0cV9tM05tIgp9"
}
2026-04-06 06:55:41,661:DEBUG:urllib3.connectionpool:https://acme-v02.api.letsencrypt.org:443 "POST /acme/finalize/3213527411/497852652971 HTTP/1.1" 200 633
2026-04-06 06:55:41,661:DEBUG:acme.client:Received response:
HTTP 200
Server: nginx
Date: Mon, 06 Apr 2026 06:55:41 GMT
Content-Type: application/json
Content-Length: 633
Connection: keep-alive
Boulder-Requester: 3213527411
Cache-Control: public, max-age=0, no-cache
Link: <https://acme-v02.api.letsencrypt.org/directory>;rel="index"
Location: https://acme-v02.api.letsencrypt.org/acme/order/3213527411/497852652971
Replay-Nonce: 5OtdIILqWX4xjUuzKWXARkAW0FYOD4u6RqQZG8SgoZ29vAgeHto
X-Frame-Options: DENY
Strict-Transport-Security: max-age=604800

{
  "status": "valid",
  "expires": "2026-04-13T06:55:25Z",
  "identifiers": [
    {
      "type": "dns",
      "value": "truenorthinsurancesolutions.com"
    },
    {
      "type": "dns",
      "value": "www.truenorthinsurancesolutions.com"
    }
  ],
  "authorizations": [
    "https://acme-v02.api.letsencrypt.org/acme/authz/3213527411/683961497891",
    "https://acme-v02.api.letsencrypt.org/acme/authz/3213527411/683961498141"
  ],
  "finalize": "https://acme-v02.api.letsencrypt.org/acme/finalize/3213527411/497852652971",
  "certificate": "https://acme-v02.api.letsencrypt.org/acme/cert/068fe89c4ec0a3f82b6f9b67deedd60765f1"
}
2026-04-06 06:55:41,661:DEBUG:acme.client:Storing nonce: 5OtdIILqWX4xjUuzKWXARkAW0FYOD4u6RqQZG8SgoZ29vAgeHto
2026-04-06 06:55:42,662:DEBUG:acme.client:JWS payload:
b''
2026-04-06 06:55:42,663:DEBUG:acme.client:Sending POST request to https://acme-v02.api.letsencrypt.org/acme/order/3213527411/497852652971:
{
  "protected": "eyJhbGciOiAiUlMyNTYiLCAia2lkIjogImh0dHBzOi8vYWNtZS12MDIuYXBpLmxldHNlbmNyeXB0Lm9yZy9hY21lL2FjY3QvMzIxMzUyNzQxMSIsICJub25jZSI6ICI1T3RkSUlMcVdYNHhqVXV6S1dYQVJrQVcwRllPRDR1NlJxUVpHOFNnb1oyOXZBZ2VIdG8iLCAidXJsIjogImh0dHBzOi8vYWNtZS12MDIuYXBpLmxldHNlbmNyeXB0Lm9yZy9hY21lL29yZGVyLzMyMTM1Mjc0MTEvNDk3ODUyNjUyOTcxIn0",
  "signature": "iw4Z3CEGZZn0CAydWJAkBkxvIY5i2Ps2Vd0G84jCIxbRx2X42j9fogwQ1C1qJZvqoffxCbpf11XsVUv58fyqeEGnxBpKViioMP3JulcZwLkm6JSxgNoezuHH0Uij-QFkaW9mmOrXLR7ukfOHXYne5kDfpnzdBnlEJPb8IsdSATI0F55wmA68FIgmERu1nQEtQjT1pxlqrtFlAe-GogvC60qOah3suo1Fek-tkGjyin-_e4hAS8N6av14c2QPT5pt-Jun_zytsdswRdoWynjHS24f4MagTxKNjsko5yN-lg0p9NAH829hSFFoBBfUztx_5-NYeuPTcGgajyqCroDghg",
  "payload": ""
}
2026-04-06 06:55:42,700:DEBUG:urllib3.connectionpool:https://acme-v02.api.letsencrypt.org:443 "POST /acme/order/3213527411/497852652971 HTTP/1.1" 200 633
2026-04-06 06:55:42,700:DEBUG:acme.client:Received response:
HTTP 200
Server: nginx
Date: Mon, 06 Apr 2026 06:55:42 GMT
Content-Type: application/json
Content-Length: 633
Connection: keep-alive
Cache-Control: public, max-age=0, no-cache
Link: <https://acme-v02.api.letsencrypt.org/directory>;rel="index"
Location: https://acme-v02.api.letsencrypt.org/acme/order/3213527411/497852652971
Replay-Nonce: 5OtdIILqPQEjsj5vQUj43ptrxczWeZeMbGmTsKbkZwXiABcXNmg
X-Frame-Options: DENY
Strict-Transport-Security: max-age=604800

{
  "status": "valid",
  "expires": "2026-04-13T06:55:25Z",
  "identifiers": [
    {
      "type": "dns",
      "value": "truenorthinsurancesolutions.com"
    },
    {
      "type": "dns",
      "value": "www.truenorthinsurancesolutions.com"
    }
  ],
  "authorizations": [
    "https://acme-v02.api.letsencrypt.org/acme/authz/3213527411/683961497891",
    "https://acme-v02.api.letsencrypt.org/acme/authz/3213527411/683961498141"
  ],
  "finalize": "https://acme-v02.api.letsencrypt.org/acme/finalize/3213527411/497852652971",
  "certificate": "https://acme-v02.api.letsencrypt.org/acme/cert/068fe89c4ec0a3f82b6f9b67deedd60765f1"
}
2026-04-06 06:55:42,700:DEBUG:acme.client:Storing nonce: 5OtdIILqPQEjsj5vQUj43ptrxczWeZeMbGmTsKbkZwXiABcXNmg
2026-04-06 06:55:42,700:DEBUG:acme.client:JWS payload:
b''
2026-04-06 06:55:42,702:DEBUG:acme.client:Sending POST request to https://acme-v02.api.letsencrypt.org/acme/cert/068fe89c4ec0a3f82b6f9b67deedd60765f1:
{
  "protected": "eyJhbGciOiAiUlMyNTYiLCAia2lkIjogImh0dHBzOi8vYWNtZS12MDIuYXBpLmxldHNlbmNyeXB0Lm9yZy9hY21lL2FjY3QvMzIxMzUyNzQxMSIsICJub25jZSI6ICI1T3RkSUlMcVBRRWpzajV2UVVqNDNwdHJ4Y3pXZVplTWJHbVRzS2JrWndYaUFCY1hObWciLCAidXJsIjogImh0dHBzOi8vYWNtZS12MDIuYXBpLmxldHNlbmNyeXB0Lm9yZy9hY21lL2NlcnQvMDY4ZmU4OWM0ZWMwYTNmODJiNmY5YjY3ZGVlZGQ2MDc2NWYxIn0",
  "signature": "TzcBYOPziF6RznnE0r4JTChAARlgM_Xf7LcCyF0gHLXMB1B5hJwaEIpoCOrJpsHPdqE6Vb7ifrl_xfULd8YEu2dJmHiSoJORkcoTfXoEcY3tvr98_FJRDTq-8KTDtTDNqGMLlyeEL6PqP2rAj6zISF-gcisnZ4KHOeYJeCsyuUEJFPWu1yCoIN_who21zBDcGKqAt0o-AObV9XaIELb6KC_HyUFaR6zPW3Uyp5KIOWhlL9ZtLZUvaIWcKWtXejpjpV8O3a51J1HLIXJgMbUxVokcsSReVO_MHxc5VGEwV6TlbHJHiqKewpU8C-Ry1401fiTP1llUWEHl9VEyjl6MUQ",
  "payload": ""
}
2026-04-06 06:55:42,740:DEBUG:urllib3.connectionpool:https://acme-v02.api.letsencrypt.org:443 "POST /acme/cert/068fe89c4ec0a3f82b6f9b67deedd60765f1 HTTP/1.1" 200 2950
2026-04-06 06:55:42,741:DEBUG:acme.client:Received response:
HTTP 200
Server: nginx
Date: Mon, 06 Apr 2026 06:55:42 GMT
Content-Type: application/pem-certificate-chain
Content-Length: 2950
Connection: keep-alive
Cache-Control: public, max-age=0, no-cache
Link: <https://acme-v02.api.letsencrypt.org/directory>;rel="index", <https://acme-v02.api.letsencrypt.org/acme/cert/068fe89c4ec0a3f82b6f9b67deedd60765f1/1>;rel="alternate"
Replay-Nonce: 5OtdIILq3SPiv_wl7s7AV7yHBL878ZlBAHin9WBJZOVR7u5a0g0
X-Frame-Options: DENY
Strict-Transport-Security: max-age=604800

-----BEGIN CERTIFICATE-----
MIID0DCCA1WgAwIBAgISBo/onE7Ao/grb5tn3u3WB2XxMAoGCCqGSM49BAMDMDIx
CzAJBgNVBAYTAlVTMRYwFAYDVQQKEw1MZXQncyBFbmNyeXB0MQswCQYDVQQDEwJF
ODAeFw0yNjA0MDYwNTU3MTBaFw0yNjA3MDUwNTU3MDlaMCoxKDAmBgNVBAMTH3Ry
dWVub3J0aGluc3VyYW5jZXNvbHV0aW9ucy5jb20wWTATBgcqhkjOPQIBBggqhkjO
PQMBBwNCAAQMgci8VXs+wiY544ZWrWUYXy+TjMR7kkvM52fTtrdOOoVhN5Y2eaq8
KkFNeUN4Q7QAeeMi/yk0a+P7gJ8c9ez8o4ICUTCCAk0wDgYDVR0PAQH/BAQDAgeA
MBMGA1UdJQQMMAoGCCsGAQUFBwMBMAwGA1UdEwEB/wQCMAAwHQYDVR0OBBYEFGqC
IWaXYwZ+qsmw7AyoSlmd0o01MB8GA1UdIwQYMBaAFI8NE6L2Ln7RUGwzGDhdWY4j
cpHKMDIGCCsGAQUFBwEBBCYwJDAiBggrBgEFBQcwAoYWaHR0cDovL2U4LmkubGVu
Y3Iub3JnLzBPBgNVHREESDBGgh90cnVlbm9ydGhpbnN1cmFuY2Vzb2x1dGlvbnMu
Y29tgiN3d3cudHJ1ZW5vcnRoaW5zdXJhbmNlc29sdXRpb25zLmNvbTATBgNVHSAE
DDAKMAgGBmeBDAECATAuBgNVHR8EJzAlMCOgIaAfhh1odHRwOi8vZTguYy5sZW5j
ci5vcmcvMTE0LmNybDCCAQwGCisGAQQB1nkCBAIEgf0EgfoA+AB3AMijxH/Hs625
NWsBP2p6Em3jOk5DpcZG+ZetOXWZHc+aAAABnWGTW/0AAAQDAEgwRgIhAILIjuH0
TCI1nBpa6JZbuEGONXZpO1GxrjX/DGzTFPLeAiEAvW8KZASk9ujtAgGgudPrhK/6
UltN9pn5LMSYFKFZhUsAfQCoJsvjCsY1EkZTP+Bl8U8Z2W4ZCBPEHdlteQCzEjxV
JwAAAZ1hk1+6AAgAAAUABclqhQQDAEYwRAIgOQoz4wgKKcTOMbM36gePlVTzvSoY
vlWgIPjWvIE/sa4CIE0//rN5ESJoEZkYCJbZtv2k56GmBklAnUqnWod6KicDMAoG
CCqGSM49BAMDA2kAMGYCMQD4cGN+VDGIP6GiRHDagjsIgBVcrVfnSDQF5em839Xx
ex0qB8GwOeAnHHvrBkvVNtACMQD5bLLVToFfEUew2I7C222xz75WzeU5WCJPVH0Q
SjyVfdSNfPV/4tdXS0jzKnZTV0U=
-----END CERTIFICATE-----

-----BEGIN CERTIFICATE-----
MIIEVjCCAj6gAwIBAgIQY5WTY8JOcIJxWRi/w9ftVjANBgkqhkiG9w0BAQsFADBP
MQswCQYDVQQGEwJVUzEpMCcGA1UEChMgSW50ZXJuZXQgU2VjdXJpdHkgUmVzZWFy
Y2ggR3JvdXAxFTATBgNVBAMTDElTUkcgUm9vdCBYMTAeFw0yNDAzMTMwMDAwMDBa
Fw0yNzAzMTIyMzU5NTlaMDIxCzAJBgNVBAYTAlVTMRYwFAYDVQQKEw1MZXQncyBF
bmNyeXB0MQswCQYDVQQDEwJFODB2MBAGByqGSM49AgEGBSuBBAAiA2IABNFl8l7c
S7QMApzSsvru6WyrOq44ofTUOTIzxULUzDMMNMchIJBwXOhiLxxxs0LXeb5GDcHb
R6EToMffgSZjO9SNHfY9gjMy9vQr5/WWOrQTZxh7az6NSNnq3u2ubT6HTKOB+DCB
9TAOBgNVHQ8BAf8EBAMCAYYwHQYDVR0lBBYwFAYIKwYBBQUHAwIGCCsGAQUFBwMB
MBIGA1UdEwEB/wQIMAYBAf8CAQAwHQYDVR0OBBYEFI8NE6L2Ln7RUGwzGDhdWY4j
cpHKMB8GA1UdIwQYMBaAFHm0WeZ7tuXkAXOACIjIGlj26ZtuMDIGCCsGAQUFBwEB
BCYwJDAiBggrBgEFBQcwAoYWaHR0cDovL3gxLmkubGVuY3Iub3JnLzATBgNVHSAE
DDAKMAgGBmeBDAECATAnBgNVHR8EIDAeMBygGqAYhhZodHRwOi8veDEuYy5sZW5j
ci5vcmcvMA0GCSqGSIb3DQEBCwUAA4ICAQBnE0hGINKsCYWi0Xx1ygxD5qihEjZ0
RI3tTZz1wuATH3ZwYPIp97kWEayanD1j0cDhIYzy4CkDo2jB8D5t0a6zZWzlr98d
AQFNh8uKJkIHdLShy+nUyeZxc5bNeMp1Lu0gSzE4McqfmNMvIpeiwWSYO9w82Ob8
otvXcO2JUYi3svHIWRm3+707DUbL51XMcY2iZdlCq4Wa9nbuk3WTU4gr6LY8MzVA
aDQG2+4U3eJ6qUF10bBnR1uuVyDYs9RhrwucRVnfuDj29CMLTsplM5f5wSV5hUpm
Uwp/vV7M4w4aGunt74koX71n4EdagCsL/Yk5+mAQU0+tue0JOfAV/R6t1k+Xk9s2
HMQFeoxppfzAVC04FdG9M+AC2JWxmFSt6BCuh3CEey3fE52Qrj9YM75rtvIjsm/1
Hl+u//Wqxnu1ZQ4jpa+VpuZiGOlWrqSP9eogdOhCGisnyewWJwRQOqK16wiGyZeR
xs/Bekw65vwSIaVkBruPiTfMOo0Zh4gVa8/qJgMbJbyrwwG97z/PRgmLKCDl8z3d
tA0Z7qq7fta0Gl24uyuB05dqI5J1LvAzKuWdIjT1tP8qCoxSE/xpix8hX2dt3h+/
jujUgFPFZ0EVZ0xSyBNRF3MboGZnYXFUxpNjTWPKpagDHJQmqrAcDmWJnMsFY3jS
u1igv3OefnWjSQ==
-----END CERTIFICATE-----

2026-04-06 06:55:42,741:DEBUG:acme.client:Storing nonce: 5OtdIILq3SPiv_wl7s7AV7yHBL878ZlBAHin9WBJZOVR7u5a0g0
2026-04-06 06:55:42,742:INFO:certbot._internal.client:Non-standard path(s), might not work with crontab installed by your operating system package manager
2026-04-06 06:55:42,742:DEBUG:certbot._internal.storage:Creating directory /var/www/truenorthinsurancesolutions.com/ssl/config/archive.
2026-04-06 06:55:42,742:DEBUG:certbot._internal.storage:Creating directory /var/www/truenorthinsurancesolutions.com/ssl/config/live.
2026-04-06 06:55:42,742:DEBUG:certbot._internal.storage:Writing README to /var/www/truenorthinsurancesolutions.com/ssl/config/live/README.
2026-04-06 06:55:42,742:DEBUG:certbot._internal.storage:Creating directory /var/www/truenorthinsurancesolutions.com/ssl/config/archive/truenorthinsurancesolutions.com.
2026-04-06 06:55:42,743:DEBUG:certbot._internal.storage:Creating directory /var/www/truenorthinsurancesolutions.com/ssl/config/live/truenorthinsurancesolutions.com.
2026-04-06 06:55:42,743:DEBUG:certbot._internal.storage:Writing certificate to /var/www/truenorthinsurancesolutions.com/ssl/config/live/truenorthinsurancesolutions.com/cert.pem.
2026-04-06 06:55:42,743:DEBUG:certbot._internal.storage:Writing private key to /var/www/truenorthinsurancesolutions.com/ssl/config/live/truenorthinsurancesolutions.com/privkey.pem.
2026-04-06 06:55:42,743:DEBUG:certbot._internal.storage:Writing chain to /var/www/truenorthinsurancesolutions.com/ssl/config/live/truenorthinsurancesolutions.com/chain.pem.
2026-04-06 06:55:42,743:DEBUG:certbot._internal.storage:Writing full chain to /var/www/truenorthinsurancesolutions.com/ssl/config/live/truenorthinsurancesolutions.com/fullchain.pem.
2026-04-06 06:55:42,743:DEBUG:certbot._internal.storage:Writing README to /var/www/truenorthinsurancesolutions.com/ssl/config/live/truenorthinsurancesolutions.com/README.
2026-04-06 06:55:42,754:DEBUG:certbot.configuration:Var account=2b2feac8e035cde9f28a093a6158a98e (set by user).
2026-04-06 06:55:42,754:DEBUG:certbot.configuration:Var config_dir=/var/www/truenorthinsurancesolutions.com/ssl/config (set by user).
2026-04-06 06:55:42,754:DEBUG:certbot.configuration:Var work_dir=/var/www/truenorthinsurancesolutions.com/ssl/work (set by user).
2026-04-06 06:55:42,754:DEBUG:certbot.configuration:Var logs_dir=/var/www/truenorthinsurancesolutions.com/ssl/logs (set by user).
2026-04-06 06:55:42,754:DEBUG:certbot._internal.plugins.selection:Requested authenticator webroot and installer None
2026-04-06 06:55:42,755:DEBUG:certbot._internal.plugins.selection:Requested authenticator webroot and installer None
2026-04-06 06:55:42,755:DEBUG:certbot.configuration:Var webroot_path=['/var/www/truenorthinsurancesolutions.com'] (set by user).
2026-04-06 06:55:42,755:DEBUG:certbot.configuration:Var webroot_map={'truenorthinsurancesolutions.com': '/var/www/truenorthinsurancesolutions.com', 'www.truenorthinsurancesolutions.com': '/var/www/truenorthinsurancesolutions.com'} (set by user).
2026-04-06 06:55:42,755:DEBUG:certbot._internal.storage:Writing new config /var/www/truenorthinsurancesolutions.com/ssl/config/renewal/truenorthinsurancesolutions.com.conf.
2026-04-06 06:55:42,757:DEBUG:certbot._internal.display.obj:Notifying user: 
Successfully received certificate.
Certificate is saved at: /var/www/truenorthinsurancesolutions.com/ssl/config/live/truenorthinsurancesolutions.com/fullchain.pem
Key is saved at:         /var/www/truenorthinsurancesolutions.com/ssl/config/live/truenorthinsurancesolutions.com/privkey.pem
This certificate expires on 2026-07-05.
These files will be updated when the certificate renews.
Certbot has set up a scheduled task to automatically renew this certificate in the background.
2026-04-06 06:55:42,759:DEBUG:certbot._internal.display.obj:Notifying user: If you like Certbot, please consider supporting our work by:
 * Donating to ISRG / Let's Encrypt:   https://letsencrypt.org/donate
 * Donating to EFF:                    https://eff.org/donate-le
2026-04-06 06:56:13,458:DEBUG:certbot._internal.main:certbot version: 2.9.0
2026-04-06 06:56:13,459:DEBUG:certbot._internal.main:Location of certbot entry point: /usr/bin/certbot
2026-04-06 06:56:13,459:DEBUG:certbot._internal.main:Arguments: ['--dry-run', '--config-dir', '/var/www/truenorthinsurancesolutions.com/ssl/config', '--work-dir', '/var/www/truenorthinsurancesolutions.com/ssl/work', '--logs-dir', '/var/www/truenorthinsurancesolutions.com/ssl/logs']
2026-04-06 06:56:13,459:DEBUG:certbot._internal.main:Discovered plugins: PluginsRegistry(PluginEntryPoint#apache,PluginEntryPoint#manual,PluginEntryPoint#null,PluginEntryPoint#standalone,PluginEntryPoint#webroot)
2026-04-06 06:56:13,465:DEBUG:certbot._internal.log:Root logging level set at 30
2026-04-06 06:56:13,466:DEBUG:certbot._internal.display.obj:Notifying user: Processing
/var/www/truenorthinsurancesolutions.com/ssl/config/renewal/truenorthinsurancesolutions.com.conf
2026-04-06 06:56:13,467:DEBUG:certbot.configuration:Var config_dir=/var/www/truenorthinsurancesolutions.com/ssl/config (set by user).
2026-04-06 06:56:13,468:DEBUG:certbot.configuration:Var logs_dir=/var/www/truenorthinsurancesolutions.com/ssl/logs (set by user).
2026-04-06 06:56:13,468:DEBUG:certbot.configuration:Var work_dir=/var/www/truenorthinsurancesolutions.com/ssl/work (set by user).
2026-04-06 06:56:13,468:DEBUG:certbot.configuration:Var server=https://acme-staging-v02.api.letsencrypt.org/directory (set by user).
2026-04-06 06:56:13,468:DEBUG:certbot.configuration:Var account=None (set by user).
2026-04-06 06:56:13,468:DEBUG:certbot._internal.plugins.selection:Requested authenticator None and installer None
2026-04-06 06:56:13,491:INFO:certbot.ocsp:Cannot extract OCSP URI from /var/www/truenorthinsurancesolutions.com/ssl/config/archive/truenorthinsurancesolutions.com/cert1.pem
2026-04-06 06:56:13,494:INFO:certbot._internal.renewal:Certificate not due for renewal, but simulating renewal for dry run
2026-04-06 06:56:13,494:DEBUG:certbot._internal.plugins.selection:Requested authenticator webroot and installer None
2026-04-06 06:56:13,494:DEBUG:certbot._internal.plugins.selection:Single candidate plugin: * webroot
Description: Saves the necessary validation files to a .well-known/acme-challenge/ directory within the nominated webroot path. A seperate HTTP server must be running and serving files from the webroot path. HTTP challenge only (wildcards not supported).
Interfaces: Authenticator, Plugin
Entry point: EntryPoint(name='webroot', value='certbot._internal.plugins.webroot:Authenticator', group='certbot.plugins')
Initialized: <certbot._internal.plugins.webroot.Authenticator object at 0x73716e2fe360>
Prep: True
2026-04-06 06:56:13,495:DEBUG:certbot._internal.plugins.selection:Selected authenticator <certbot._internal.plugins.webroot.Authenticator object at 0x73716e2fe360> and installer None
2026-04-06 06:56:13,495:INFO:certbot._internal.plugins.selection:Plugins selected: Authenticator webroot, Installer None
2026-04-06 06:56:13,542:DEBUG:certbot._internal.main:Picked account: <Account(RegistrationResource(body=Registration(key=None, contact=(), agreement=None, status=None, terms_of_service_agreed=None, only_return_existing=None, external_account_binding=None), uri='https://acme-staging-v02.api.letsencrypt.org/acme/acct/280643183', new_authzr_uri=None, terms_of_service=None), 8c95fc28aaea7aa05fbf3a0d3a33b96a, Meta(creation_dt=datetime.datetime(2026, 4, 6, 6, 46, 22, tzinfo=<UTC>), creation_host='74-207-240-74.ip.linodeusercontent.com', register_to_eff=None))>
2026-04-06 06:56:13,543:DEBUG:acme.client:Sending GET request to https://acme-staging-v02.api.letsencrypt.org/directory.
2026-04-06 06:56:13,548:DEBUG:urllib3.connectionpool:Starting new HTTPS connection (1): acme-staging-v02.api.letsencrypt.org:443
2026-04-06 06:56:13,651:DEBUG:urllib3.connectionpool:https://acme-staging-v02.api.letsencrypt.org:443 "GET /directory HTTP/1.1" 200 1107
2026-04-06 06:56:13,652:DEBUG:acme.client:Received response:
HTTP 200
Server: nginx
Date: Mon, 06 Apr 2026 06:56:13 GMT
Content-Type: application/json
Content-Length: 1107
Connection: keep-alive
Cache-Control: public, max-age=0, no-cache
X-Frame-Options: DENY
Strict-Transport-Security: max-age=604800

{
  "07Kfj-mf-7U": "https://community.letsencrypt.org/t/adding-random-entries-to-the-directory/33417",
  "keyChange": "https://acme-staging-v02.api.letsencrypt.org/acme/key-change",
  "meta": {
    "caaIdentities": [
      "letsencrypt.org"
    ],
    "profiles": {
      "classic": "https://letsencrypt.org/docs/profiles#classic",
      "shortlived": "https://letsencrypt.org/docs/profiles#shortlived",
      "tlsclient": "https://letsencrypt.org/docs/profiles#tlsclient",
      "tlsserver": "https://letsencrypt.org/docs/profiles#tlsserver"
    },
    "termsOfService": "https://letsencrypt.org/documents/LE-SA-v1.6-August-18-2025.pdf",
    "website": "https://letsencrypt.org/docs/staging-environment/"
  },
  "newAccount": "https://acme-staging-v02.api.letsencrypt.org/acme/new-acct",
  "newNonce": "https://acme-staging-v02.api.letsencrypt.org/acme/new-nonce",
  "newOrder": "https://acme-staging-v02.api.letsencrypt.org/acme/new-order",
  "renewalInfo": "https://acme-staging-v02.api.letsencrypt.org/acme/renewal-info",
  "revokeCert": "https://acme-staging-v02.api.letsencrypt.org/acme/revoke-cert"
}
2026-04-06 06:56:13,653:DEBUG:certbot._internal.display.obj:Notifying user: Simulating renewal of an existing certificate for truenorthinsurancesolutions.com and www.truenorthinsurancesolutions.com
2026-04-06 06:56:13,657:DEBUG:acme.client:Requesting fresh nonce
2026-04-06 06:56:13,657:DEBUG:acme.client:Sending HEAD request to https://acme-staging-v02.api.letsencrypt.org/acme/new-nonce.
2026-04-06 06:56:13,680:DEBUG:urllib3.connectionpool:https://acme-staging-v02.api.letsencrypt.org:443 "HEAD /acme/new-nonce HTTP/1.1" 200 0
2026-04-06 06:56:13,680:DEBUG:acme.client:Received response:
HTTP 200
Server: nginx
Date: Mon, 06 Apr 2026 06:56:13 GMT
Connection: keep-alive
Cache-Control: public, max-age=0, no-cache
Link: <https://acme-staging-v02.api.letsencrypt.org/directory>;rel="index"
Replay-Nonce: knttWhhqPgrHjOyvU9IT2GHxdlnDWKaqxpJEERhM3sYS-Yafz0w
X-Frame-Options: DENY
Strict-Transport-Security: max-age=604800


2026-04-06 06:56:13,680:DEBUG:acme.client:Storing nonce: knttWhhqPgrHjOyvU9IT2GHxdlnDWKaqxpJEERhM3sYS-Yafz0w
2026-04-06 06:56:13,680:DEBUG:acme.client:JWS payload:
b'{\n  "identifiers": [\n    {\n      "type": "dns",\n      "value": "truenorthinsurancesolutions.com"\n    },\n    {\n      "type": "dns",\n      "value": "www.truenorthinsurancesolutions.com"\n    }\n  ]\n}'
2026-04-06 06:56:13,683:DEBUG:acme.client:Sending POST request to https://acme-staging-v02.api.letsencrypt.org/acme/new-order:
{
  "protected": "eyJhbGciOiAiUlMyNTYiLCAia2lkIjogImh0dHBzOi8vYWNtZS1zdGFnaW5nLXYwMi5hcGkubGV0c2VuY3J5cHQub3JnL2FjbWUvYWNjdC8yODA2NDMxODMiLCAibm9uY2UiOiAia250dFdoaHFQZ3JIak95dlU5SVQyR0h4ZGxuRFdLYXF4cEpFRVJoTTNzWVMtWWFmejB3IiwgInVybCI6ICJodHRwczovL2FjbWUtc3RhZ2luZy12MDIuYXBpLmxldHNlbmNyeXB0Lm9yZy9hY21lL25ldy1vcmRlciJ9",
  "signature": "MbCiBM1GaG3uLuDOhGk1k5GLtsITu3jOxRI0lXf-zabbDoNNZz-Spef4qUpCje4Uqv6R-GPpyNXURTNDUL4pZ6N907v0iS-DMYLoFYQE7yLw1lYLHZXuA1KPoqgR7XOoDEWnoc7ouK_yvCizTxv_5HcBZdDVlyX5XeGMY5bPUrVy60jpPVt2M69ZPsokJEppVtU0upZiyGZIKuGWFcijCfVqdoefpuBS2Z7OFbF03ZrNglPWptQRIkj1u1gtShjbpA_c7kZYAygiR2rxgVg2W74zBCsAf26MqtRBucEZSv1Fr0T4lR_H5edglnox1NWq_wm7Qktys-uLLGJGn4TArQ",
  "payload": "ewogICJpZGVudGlmaWVycyI6IFsKICAgIHsKICAgICAgInR5cGUiOiAiZG5zIiwKICAgICAgInZhbHVlIjogInRydWVub3J0aGluc3VyYW5jZXNvbHV0aW9ucy5jb20iCiAgICB9LAogICAgewogICAgICAidHlwZSI6ICJkbnMiLAogICAgICAidmFsdWUiOiAid3d3LnRydWVub3J0aGluc3VyYW5jZXNvbHV0aW9ucy5jb20iCiAgICB9CiAgXQp9"
}
2026-04-06 06:56:13,718:DEBUG:urllib3.connectionpool:https://acme-staging-v02.api.letsencrypt.org:443 "POST /acme/new-order HTTP/1.1" 201 545
2026-04-06 06:56:13,718:DEBUG:acme.client:Received response:
HTTP 201
Server: nginx
Date: Mon, 06 Apr 2026 06:56:13 GMT
Content-Type: application/json
Content-Length: 545
Connection: keep-alive
Boulder-Requester: 280643183
Cache-Control: public, max-age=0, no-cache
Link: <https://acme-staging-v02.api.letsencrypt.org/directory>;rel="index"
Location: https://acme-staging-v02.api.letsencrypt.org/acme/order/280643183/35691251603
Replay-Nonce: knttWhhqRmSuyoT00fPJPW3ZZRhMBMV4l0cdU4cT-xPzg_oyqgs
X-Frame-Options: DENY
Strict-Transport-Security: max-age=604800

{
  "status": "pending",
  "expires": "2026-04-13T06:56:13Z",
  "identifiers": [
    {
      "type": "dns",
      "value": "truenorthinsurancesolutions.com"
    },
    {
      "type": "dns",
      "value": "www.truenorthinsurancesolutions.com"
    }
  ],
  "authorizations": [
    "https://acme-staging-v02.api.letsencrypt.org/acme/authz/280643183/391980723",
    "https://acme-staging-v02.api.letsencrypt.org/acme/authz/280643183/391980733"
  ],
  "finalize": "https://acme-staging-v02.api.letsencrypt.org/acme/finalize/280643183/35691251603"
}
2026-04-06 06:56:13,718:DEBUG:acme.client:Storing nonce: knttWhhqRmSuyoT00fPJPW3ZZRhMBMV4l0cdU4cT-xPzg_oyqgs
2026-04-06 06:56:13,718:DEBUG:acme.client:JWS payload:
b''
2026-04-06 06:56:13,719:DEBUG:acme.client:Sending POST request to https://acme-staging-v02.api.letsencrypt.org/acme/authz/280643183/391980723:
{
  "protected": "eyJhbGciOiAiUlMyNTYiLCAia2lkIjogImh0dHBzOi8vYWNtZS1zdGFnaW5nLXYwMi5hcGkubGV0c2VuY3J5cHQub3JnL2FjbWUvYWNjdC8yODA2NDMxODMiLCAibm9uY2UiOiAia250dFdoaHFSbVN1eW9UMDBmUEpQVzNaWlJoTUJNVjRsMGNkVTRjVC14UHpnX295cWdzIiwgInVybCI6ICJodHRwczovL2FjbWUtc3RhZ2luZy12MDIuYXBpLmxldHNlbmNyeXB0Lm9yZy9hY21lL2F1dGh6LzI4MDY0MzE4My8zOTE5ODA3MjMifQ",
  "signature": "U8-imoP93OGf9NeNe1gRSYFj4HG9_XLV77q4e3t2Z9LdZOjRjlOaLFqISHdz4Y03DaubndaRdeguiLNIVqkauI0iaEE8D_PLxjIqXkIR2xJ7VqZjHbgcfm3MZZ4hZJ8I-mz7bwV3murgQX5wdSsb8OSByM4M0zA6X_uiiTMoJtQLwN-9MRyjT_LY5CEgJuuAxDCMmonmvqiZFRFf5sOvaylaYmOX_4teEGEuUVssm6tpbbM3oKjiCuZ9gE5Cm01_rRNVCfkNh1KIoeC55BA8zXpsYEsON9KVpe_4rWiL81oUg99MHr21aPNJxH-9zU6KqkU68FMn7mW4eDG369xAZQ",
  "payload": ""
}
2026-04-06 06:56:13,744:DEBUG:urllib3.connectionpool:https://acme-staging-v02.api.letsencrypt.org:443 "POST /acme/authz/280643183/391980723 HTTP/1.1" 200 1087
2026-04-06 06:56:13,744:DEBUG:acme.client:Received response:
HTTP 200
Server: nginx
Date: Mon, 06 Apr 2026 06:56:13 GMT
Content-Type: application/json
Content-Length: 1087
Connection: keep-alive
Boulder-Requester: 280643183
Cache-Control: public, max-age=0, no-cache
Link: <https://acme-staging-v02.api.letsencrypt.org/directory>;rel="index"
Replay-Nonce: nPBsNanhU3hid36Ij95gudrmLOsTHUNTV75ltJoksUTk71l_lK8
X-Frame-Options: DENY
Strict-Transport-Security: max-age=604800

{
  "identifier": {
    "type": "dns",
    "value": "truenorthinsurancesolutions.com"
  },
  "status": "pending",
  "expires": "2026-04-13T06:56:13Z",
  "challenges": [
    {
      "type": "http-01",
      "url": "https://acme-staging-v02.api.letsencrypt.org/acme/chall/280643183/391980723/jbd2Yg",
      "status": "pending",
      "token": "J21l41FAc5hnRdfSwr0BETJ8DTHDTgb-Ye8oA9SFB5A"
    },
    {
      "type": "dns-persist-01",
      "url": "https://acme-staging-v02.api.letsencrypt.org/acme/chall/280643183/391980723/_0AN9g",
      "status": "pending",
      "issuer-domain-names": [
        "letsencrypt.org"
      ]
    },
    {
      "type": "dns-01",
      "url": "https://acme-staging-v02.api.letsencrypt.org/acme/chall/280643183/391980723/VX6reQ",
      "status": "pending",
      "token": "J21l41FAc5hnRdfSwr0BETJ8DTHDTgb-Ye8oA9SFB5A"
    },
    {
      "type": "tls-alpn-01",
      "url": "https://acme-staging-v02.api.letsencrypt.org/acme/chall/280643183/391980723/N7l6cA",
      "status": "pending",
      "token": "J21l41FAc5hnRdfSwr0BETJ8DTHDTgb-Ye8oA9SFB5A"
    }
  ]
}
2026-04-06 06:56:13,745:DEBUG:acme.client:Storing nonce: nPBsNanhU3hid36Ij95gudrmLOsTHUNTV75ltJoksUTk71l_lK8
2026-04-06 06:56:13,745:DEBUG:acme.challenges:dns-persist-01 was not recognized, full message: {'type': 'dns-persist-01', 'url': 'https://acme-staging-v02.api.letsencrypt.org/acme/chall/280643183/391980723/_0AN9g', 'status': 'pending', 'issuer-domain-names': ['letsencrypt.org']}
2026-04-06 06:56:13,745:DEBUG:acme.client:JWS payload:
b''
2026-04-06 06:56:13,746:DEBUG:acme.client:Sending POST request to https://acme-staging-v02.api.letsencrypt.org/acme/authz/280643183/391980733:
{
  "protected": "eyJhbGciOiAiUlMyNTYiLCAia2lkIjogImh0dHBzOi8vYWNtZS1zdGFnaW5nLXYwMi5hcGkubGV0c2VuY3J5cHQub3JnL2FjbWUvYWNjdC8yODA2NDMxODMiLCAibm9uY2UiOiAiblBCc05hbmhVM2hpZDM2SWo5NWd1ZHJtTE9zVEhVTlRWNzVsdEpva3NVVGs3MWxfbEs4IiwgInVybCI6ICJodHRwczovL2FjbWUtc3RhZ2luZy12MDIuYXBpLmxldHNlbmNyeXB0Lm9yZy9hY21lL2F1dGh6LzI4MDY0MzE4My8zOTE5ODA3MzMifQ",
  "signature": "SGzoToTfoZJ2jerGCUrXvfGbLeH_vaLVjvB3826lI4GX_EbFHB6nEmwAw8UFclRzlDruziyENLwbBm5To4liy8ATivJdJf4PlqpK4XibEWR_0p9yltaKcgivzx0VStE-3eZUdpIyDmFEGrIDaMfPJFso7hkvnSKXD4q808t5n701sd5AVqOG7CCl3XO9O9uuvNW41xRuLFwkRuc2dcL6ylVstR-GUM2ozhnZTedPomUEn4ZtAXqi1z0zaweJGa-71JzrZric7fSgrZoi6qW4ezs58BAxOuqpU9i3Fibg6GwcRZNhFj3EA4JPJo2aQImkJBer0nClFdsvI-KfwCPf7A",
  "payload": ""
}
2026-04-06 06:56:13,771:DEBUG:urllib3.connectionpool:https://acme-staging-v02.api.letsencrypt.org:443 "POST /acme/authz/280643183/391980733 HTTP/1.1" 200 1091
2026-04-06 06:56:13,772:DEBUG:acme.client:Received response:
HTTP 200
Server: nginx
Date: Mon, 06 Apr 2026 06:56:13 GMT
Content-Type: application/json
Content-Length: 1091
Connection: keep-alive
Boulder-Requester: 280643183
Cache-Control: public, max-age=0, no-cache
Link: <https://acme-staging-v02.api.letsencrypt.org/directory>;rel="index"
Replay-Nonce: knttWhhqEoI0liuS_vafMFxwKbhytHHSpnSLDag07rPgZwge1Sw
X-Frame-Options: DENY
Strict-Transport-Security: max-age=604800

{
  "identifier": {
    "type": "dns",
    "value": "www.truenorthinsurancesolutions.com"
  },
  "status": "pending",
  "expires": "2026-04-13T06:56:13Z",
  "challenges": [
    {
      "type": "dns-persist-01",
      "url": "https://acme-staging-v02.api.letsencrypt.org/acme/chall/280643183/391980733/nmeDcg",
      "status": "pending",
      "issuer-domain-names": [
        "letsencrypt.org"
      ]
    },
    {
      "type": "http-01",
      "url": "https://acme-staging-v02.api.letsencrypt.org/acme/chall/280643183/391980733/1PuNOQ",
      "status": "pending",
      "token": "NKvjVID6tp79ntxverwRBroKlh9fkVJ0SgFMxW3djuM"
    },
    {
      "type": "dns-01",
      "url": "https://acme-staging-v02.api.letsencrypt.org/acme/chall/280643183/391980733/fRQb5Q",
      "status": "pending",
      "token": "NKvjVID6tp79ntxverwRBroKlh9fkVJ0SgFMxW3djuM"
    },
    {
      "type": "tls-alpn-01",
      "url": "https://acme-staging-v02.api.letsencrypt.org/acme/chall/280643183/391980733/fS--_w",
      "status": "pending",
      "token": "NKvjVID6tp79ntxverwRBroKlh9fkVJ0SgFMxW3djuM"
    }
  ]
}
2026-04-06 06:56:13,772:DEBUG:acme.client:Storing nonce: knttWhhqEoI0liuS_vafMFxwKbhytHHSpnSLDag07rPgZwge1Sw
2026-04-06 06:56:13,772:DEBUG:acme.challenges:dns-persist-01 was not recognized, full message: {'type': 'dns-persist-01', 'url': 'https://acme-staging-v02.api.letsencrypt.org/acme/chall/280643183/391980733/nmeDcg', 'status': 'pending', 'issuer-domain-names': ['letsencrypt.org']}
2026-04-06 06:56:13,772:INFO:certbot._internal.auth_handler:Performing the following challenges:
2026-04-06 06:56:13,772:INFO:certbot._internal.auth_handler:http-01 challenge for truenorthinsurancesolutions.com
2026-04-06 06:56:13,773:INFO:certbot._internal.auth_handler:http-01 challenge for www.truenorthinsurancesolutions.com
2026-04-06 06:56:13,773:INFO:certbot._internal.plugins.webroot:Using the webroot path /var/www/truenorthinsurancesolutions.com for all unmatched domains.
2026-04-06 06:56:13,773:DEBUG:certbot._internal.plugins.webroot:Creating root challenges validation dir at /var/www/truenorthinsurancesolutions.com/.well-known/acme-challenge
2026-04-06 06:56:13,773:DEBUG:certbot._internal.plugins.webroot:Creating root challenges validation dir at /var/www/truenorthinsurancesolutions.com/.well-known/acme-challenge
2026-04-06 06:56:13,774:DEBUG:certbot._internal.plugins.webroot:Attempting to save validation to /var/www/truenorthinsurancesolutions.com/.well-known/acme-challenge/J21l41FAc5hnRdfSwr0BETJ8DTHDTgb-Ye8oA9SFB5A
2026-04-06 06:56:13,775:DEBUG:certbot._internal.plugins.webroot:Attempting to save validation to /var/www/truenorthinsurancesolutions.com/.well-known/acme-challenge/NKvjVID6tp79ntxverwRBroKlh9fkVJ0SgFMxW3djuM
2026-04-06 06:56:13,775:DEBUG:acme.client:JWS payload:
b'{}'
2026-04-06 06:56:13,776:DEBUG:acme.client:Sending POST request to https://acme-staging-v02.api.letsencrypt.org/acme/chall/280643183/391980723/jbd2Yg:
{
  "protected": "eyJhbGciOiAiUlMyNTYiLCAia2lkIjogImh0dHBzOi8vYWNtZS1zdGFnaW5nLXYwMi5hcGkubGV0c2VuY3J5cHQub3JnL2FjbWUvYWNjdC8yODA2NDMxODMiLCAibm9uY2UiOiAia250dFdoaHFFb0kwbGl1U192YWZNRnh3S2JoeXRISFNwblNMRGFnMDdyUGdad2dlMVN3IiwgInVybCI6ICJodHRwczovL2FjbWUtc3RhZ2luZy12MDIuYXBpLmxldHNlbmNyeXB0Lm9yZy9hY21lL2NoYWxsLzI4MDY0MzE4My8zOTE5ODA3MjMvamJkMllnIn0",
  "signature": "ERVEM6gqlI64w1mva4tRxyq2MLiHk2M0g1zA3jXKiWAPgYsNzoD7-L-e9lEigKdokSCZtqlKT7twd8ePBPyEFQhnRh9LFc9r52gQJfFEVn5PTXueBttnBQRzx2S4XIptx3enmAwLsE-efARArYWOc_Q-RcnZJsxLldXescVkIFD-nVKT7n1x35xRPVddVfhccvF4JHA-q5L45tEmGrNt_uo0CQk-s889C0NlLI71sOO4pCVaHKUlE9nPNIABakHx-YrrloiLabmZM2em0qC8vuMeJFv3axSxzZt4BkPHiwyxOcuDXmlh5iDRppLyPenvlQ-4DsOxaP4RVXlkM9qcvg",
  "payload": "e30"
}
2026-04-06 06:56:13,801:DEBUG:urllib3.connectionpool:https://acme-staging-v02.api.letsencrypt.org:443 "POST /acme/chall/280643183/391980723/jbd2Yg HTTP/1.1" 200 199
2026-04-06 06:56:13,802:DEBUG:acme.client:Received response:
HTTP 200
Server: nginx
Date: Mon, 06 Apr 2026 06:56:13 GMT
Content-Type: application/json
Content-Length: 199
Connection: keep-alive
Boulder-Requester: 280643183
Cache-Control: public, max-age=0, no-cache
Link: <https://acme-staging-v02.api.letsencrypt.org/directory>;rel="index", <https://acme-staging-v02.api.letsencrypt.org/acme/authz/280643183/391980723>;rel="up"
Location: https://acme-staging-v02.api.letsencrypt.org/acme/chall/280643183/391980723/jbd2Yg
Replay-Nonce: nPBsNanh0dmGpI2_X54aJwSMa0q_igPdeZ7jnoj-HyxrdGJgzzU
X-Frame-Options: DENY
Strict-Transport-Security: max-age=604800

{
  "type": "http-01",
  "url": "https://acme-staging-v02.api.letsencrypt.org/acme/chall/280643183/391980723/jbd2Yg",
  "status": "pending",
  "token": "J21l41FAc5hnRdfSwr0BETJ8DTHDTgb-Ye8oA9SFB5A"
}
2026-04-06 06:56:13,802:DEBUG:acme.client:Storing nonce: nPBsNanh0dmGpI2_X54aJwSMa0q_igPdeZ7jnoj-HyxrdGJgzzU
2026-04-06 06:56:13,802:DEBUG:acme.client:JWS payload:
b'{}'
2026-04-06 06:56:13,803:DEBUG:acme.client:Sending POST request to https://acme-staging-v02.api.letsencrypt.org/acme/chall/280643183/391980733/1PuNOQ:
{
  "protected": "eyJhbGciOiAiUlMyNTYiLCAia2lkIjogImh0dHBzOi8vYWNtZS1zdGFnaW5nLXYwMi5hcGkubGV0c2VuY3J5cHQub3JnL2FjbWUvYWNjdC8yODA2NDMxODMiLCAibm9uY2UiOiAiblBCc05hbmgwZG1HcEkyX1g1NGFKd1NNYTBxX2lnUGRlWjdqbm9qLUh5eHJkR0pnenpVIiwgInVybCI6ICJodHRwczovL2FjbWUtc3RhZ2luZy12MDIuYXBpLmxldHNlbmNyeXB0Lm9yZy9hY21lL2NoYWxsLzI4MDY0MzE4My8zOTE5ODA3MzMvMVB1Tk9RIn0",
  "signature": "UOgdBlm_tfhyuztW-q1dQ5kK8Grxuwh7bslBNrBKUG1B9i5cqLdQUfzRVoViW-5GGm2t4CTzK56cBwHTCGDisCPYYzlrz68A5d8dJbMMZNBOzavkMZtGITSasf1BjD0Aw_xFGK_98CJTHYyPyhIGgRkTIis54BQ_3DlT4PXVZY8f6P1V9pfk-1FdD9fqX0kDsLcqaZAKBW-9IURQyvDPoCE5M82PDTR3GJHPMmVHjTNDLptRuDtcU11c34wTWR4Bbi0ESclcuRRv5ZuLU-MLAVbR72fUdrepzsAoRtQfat8aTDcg44oCahLnr27ENAywj6EtjTp-HYR61vjnMQtxWg",
  "payload": "e30"
}
2026-04-06 06:56:13,828:DEBUG:urllib3.connectionpool:https://acme-staging-v02.api.letsencrypt.org:443 "POST /acme/chall/280643183/391980733/1PuNOQ HTTP/1.1" 200 199
2026-04-06 06:56:13,828:DEBUG:acme.client:Received response:
HTTP 200
Server: nginx
Date: Mon, 06 Apr 2026 06:56:13 GMT
Content-Type: application/json
Content-Length: 199
Connection: keep-alive
Boulder-Requester: 280643183
Cache-Control: public, max-age=0, no-cache
Link: <https://acme-staging-v02.api.letsencrypt.org/directory>;rel="index", <https://acme-staging-v02.api.letsencrypt.org/acme/authz/280643183/391980733>;rel="up"
Location: https://acme-staging-v02.api.letsencrypt.org/acme/chall/280643183/391980733/1PuNOQ
Replay-Nonce: knttWhhqnVwUuJ8aMpKcmKwBgJ1IwrcH4x5sqbdpHx1VKtw6PFk
X-Frame-Options: DENY
Strict-Transport-Security: max-age=604800

{
  "type": "http-01",
  "url": "https://acme-staging-v02.api.letsencrypt.org/acme/chall/280643183/391980733/1PuNOQ",
  "status": "pending",
  "token": "NKvjVID6tp79ntxverwRBroKlh9fkVJ0SgFMxW3djuM"
}
2026-04-06 06:56:13,828:DEBUG:acme.client:Storing nonce: knttWhhqnVwUuJ8aMpKcmKwBgJ1IwrcH4x5sqbdpHx1VKtw6PFk
2026-04-06 06:56:13,829:INFO:certbot._internal.auth_handler:Waiting for verification...
2026-04-06 06:56:14,829:DEBUG:acme.client:JWS payload:
b''
2026-04-06 06:56:14,830:DEBUG:acme.client:Sending POST request to https://acme-staging-v02.api.letsencrypt.org/acme/authz/280643183/391980723:
{
  "protected": "eyJhbGciOiAiUlMyNTYiLCAia2lkIjogImh0dHBzOi8vYWNtZS1zdGFnaW5nLXYwMi5hcGkubGV0c2VuY3J5cHQub3JnL2FjbWUvYWNjdC8yODA2NDMxODMiLCAibm9uY2UiOiAia250dFdoaHFuVndVdUo4YU1wS2NtS3dCZ0oxSXdyY0g0eDVzcWJkcEh4MVZLdHc2UEZrIiwgInVybCI6ICJodHRwczovL2FjbWUtc3RhZ2luZy12MDIuYXBpLmxldHNlbmNyeXB0Lm9yZy9hY21lL2F1dGh6LzI4MDY0MzE4My8zOTE5ODA3MjMifQ",
  "signature": "AlZzus_cxGofHD839mXf0uhBbAvXJDBJu-Qsr_DNslTJ4LwaKsXh5c7DsBTCKqo2Cv8OkDHZmPBVqm0xcs4X9NldXJT6ICXtKEcph6UkHmOnM78xn8DsZG_6Y7b6C4q8wdEgjLHnYvDTclWKqNIMXzFn2j1kTL9_ALN2rsKQ3JT1gcCLuKRm4XU1ZQ6mlwR9OS3AQczybCFwmRNluBrhiAOZQg_B6046stfQQ1Ymsl3gVUiYltPiAWs9g3_UWuId1eGKysqBTeNAyw3gMnAibzrdPb9jPwuADO1GWBFngt4Dr_JBru4blXSo9CQOJtDFHia05arWm3zbPKJVYLDuDw",
  "payload": ""
}
2026-04-06 06:56:14,855:DEBUG:urllib3.connectionpool:https://acme-staging-v02.api.letsencrypt.org:443 "POST /acme/authz/280643183/391980723 HTTP/1.1" 200 820
2026-04-06 06:56:14,855:DEBUG:acme.client:Received response:
HTTP 200
Server: nginx
Date: Mon, 06 Apr 2026 06:56:14 GMT
Content-Type: application/json
Content-Length: 820
Connection: keep-alive
Boulder-Requester: 280643183
Cache-Control: public, max-age=0, no-cache
Link: <https://acme-staging-v02.api.letsencrypt.org/directory>;rel="index"
Replay-Nonce: nPBsNanhas1_HlVyprEfmXB-jRyApWwbNNkT9xMyiMZ_EqFg5bU
X-Frame-Options: DENY
Strict-Transport-Security: max-age=604800

{
  "identifier": {
    "type": "dns",
    "value": "truenorthinsurancesolutions.com"
  },
  "status": "valid",
  "expires": "2026-05-06T06:56:14Z",
  "challenges": [
    {
      "type": "http-01",
      "url": "https://acme-staging-v02.api.letsencrypt.org/acme/chall/280643183/391980723/jbd2Yg",
      "status": "valid",
      "validated": "2026-04-06T06:56:13Z",
      "token": "J21l41FAc5hnRdfSwr0BETJ8DTHDTgb-Ye8oA9SFB5A",
      "validationRecord": [
        {
          "url": "http://truenorthinsurancesolutions.com/.well-known/acme-challenge/J21l41FAc5hnRdfSwr0BETJ8DTHDTgb-Ye8oA9SFB5A",
          "hostname": "truenorthinsurancesolutions.com",
          "port": "80",
          "addressesResolved": [
            "74.207.240.74"
          ],
          "addressUsed": "74.207.240.74"
        }
      ]
    }
  ]
}
2026-04-06 06:56:14,855:DEBUG:acme.client:Storing nonce: nPBsNanhas1_HlVyprEfmXB-jRyApWwbNNkT9xMyiMZ_EqFg5bU
2026-04-06 06:56:14,856:DEBUG:acme.client:JWS payload:
b''
2026-04-06 06:56:14,857:DEBUG:acme.client:Sending POST request to https://acme-staging-v02.api.letsencrypt.org/acme/authz/280643183/391980733:
{
  "protected": "eyJhbGciOiAiUlMyNTYiLCAia2lkIjogImh0dHBzOi8vYWNtZS1zdGFnaW5nLXYwMi5hcGkubGV0c2VuY3J5cHQub3JnL2FjbWUvYWNjdC8yODA2NDMxODMiLCAibm9uY2UiOiAiblBCc05hbmhhczFfSGxWeXByRWZtWEItalJ5QXBXd2JOTmtUOXhNeWlNWl9FcUZnNWJVIiwgInVybCI6ICJodHRwczovL2FjbWUtc3RhZ2luZy12MDIuYXBpLmxldHNlbmNyeXB0Lm9yZy9hY21lL2F1dGh6LzI4MDY0MzE4My8zOTE5ODA3MzMifQ",
  "signature": "KcaX8IuUGs2v2KfoSE--i-kwaeW5oASPlUFTgEsO2B6WLzaX0V1bM8fcINQx8Eshe6ChmzozOZMjcaKA-5bvbtWahCcXh3dz38e-eh2xolMSQstLod6T7IwoN96Mcrh07-U2bGfbX0PzQhBqwQJ-yu67Pq4lzSJ1qPDUNH0dUO0pFcN708Qx2k_77rVvq8_T8AL2_BxFoYFchwpRpebTfiCNWuRX9yECGEm_7mO3V38ajd5EWakd0rNr2rwoK0-HuDqbT69sTdojxYzdA8-GSAzoczNRiq1kX6QLLpTTNtZ4BNP2yA9JifRQjq0RMkpLk610HmoeJqysabHSOvpG9w",
  "payload": ""
}
2026-04-06 06:56:14,882:DEBUG:urllib3.connectionpool:https://acme-staging-v02.api.letsencrypt.org:443 "POST /acme/authz/280643183/391980733 HTTP/1.1" 200 832
2026-04-06 06:56:14,882:DEBUG:acme.client:Received response:
HTTP 200
Server: nginx
Date: Mon, 06 Apr 2026 06:56:14 GMT
Content-Type: application/json
Content-Length: 832
Connection: keep-alive
Boulder-Requester: 280643183
Cache-Control: public, max-age=0, no-cache
Link: <https://acme-staging-v02.api.letsencrypt.org/directory>;rel="index"
Replay-Nonce: knttWhhqac1Obvwp_CkZpB_DqLJwRQouOYMDUOvbeLVdaSSmHCA
X-Frame-Options: DENY
Strict-Transport-Security: max-age=604800

{
  "identifier": {
    "type": "dns",
    "value": "www.truenorthinsurancesolutions.com"
  },
  "status": "valid",
  "expires": "2026-05-06T06:56:14Z",
  "challenges": [
    {
      "type": "http-01",
      "url": "https://acme-staging-v02.api.letsencrypt.org/acme/chall/280643183/391980733/1PuNOQ",
      "status": "valid",
      "validated": "2026-04-06T06:56:13Z",
      "token": "NKvjVID6tp79ntxverwRBroKlh9fkVJ0SgFMxW3djuM",
      "validationRecord": [
        {
          "url": "http://www.truenorthinsurancesolutions.com/.well-known/acme-challenge/NKvjVID6tp79ntxverwRBroKlh9fkVJ0SgFMxW3djuM",
          "hostname": "www.truenorthinsurancesolutions.com",
          "port": "80",
          "addressesResolved": [
            "74.207.240.74"
          ],
          "addressUsed": "74.207.240.74"
        }
      ]
    }
  ]
}
2026-04-06 06:56:14,882:DEBUG:acme.client:Storing nonce: knttWhhqac1Obvwp_CkZpB_DqLJwRQouOYMDUOvbeLVdaSSmHCA
2026-04-06 06:56:14,882:DEBUG:certbot._internal.error_handler:Calling registered functions
2026-04-06 06:56:14,883:INFO:certbot._internal.auth_handler:Cleaning up challenges
2026-04-06 06:56:14,883:DEBUG:certbot._internal.plugins.webroot:Removing /var/www/truenorthinsurancesolutions.com/.well-known/acme-challenge/J21l41FAc5hnRdfSwr0BETJ8DTHDTgb-Ye8oA9SFB5A
2026-04-06 06:56:14,883:DEBUG:certbot._internal.plugins.webroot:Removing /var/www/truenorthinsurancesolutions.com/.well-known/acme-challenge/NKvjVID6tp79ntxverwRBroKlh9fkVJ0SgFMxW3djuM
2026-04-06 06:56:14,883:DEBUG:certbot._internal.plugins.webroot:All challenges cleaned up
2026-04-06 06:56:14,883:DEBUG:certbot._internal.client:CSR: CSR(file=None, data=b'-----BEGIN CERTIFICATE REQUEST-----\nMIIBHjCBxAIBADAAMFkwEwYHKoZIzj0CAQYIKoZIzj0DAQcDQgAESciE9yizcYgk\nkK/9yrAZ6GqnjM0fPAeQFfvm8WdFdZFCtQL7V5aqKUEmjvdEH8VR2k70SthWVtw8\nuoIPTyK+dKBiMGAGCSqGSIb3DQEJDjFTMFEwTwYDVR0RBEgwRoIfdHJ1ZW5vcnRo\naW5zdXJhbmNlc29sdXRpb25zLmNvbYIjd3d3LnRydWVub3J0aGluc3VyYW5jZXNv\nbHV0aW9ucy5jb20wCgYIKoZIzj0EAwIDSQAwRgIhAPhirxADxG+zX32nI8HIS8/7\nRO3D1M6uRSTqWNeB7MsVAiEAsK1u0gVDilMfAOCskJAISOhxr2MQuLglcKLfUaeV\nqs8=\n-----END CERTIFICATE REQUEST-----\n', form='pem')
2026-04-06 06:56:14,883:DEBUG:certbot._internal.client:Will poll for certificate issuance until 2026-04-06 06:57:44.883900
2026-04-06 06:56:14,884:DEBUG:acme.client:JWS payload:
b'{\n  "csr": "MIIBHjCBxAIBADAAMFkwEwYHKoZIzj0CAQYIKoZIzj0DAQcDQgAESciE9yizcYgkkK_9yrAZ6GqnjM0fPAeQFfvm8WdFdZFCtQL7V5aqKUEmjvdEH8VR2k70SthWVtw8uoIPTyK-dKBiMGAGCSqGSIb3DQEJDjFTMFEwTwYDVR0RBEgwRoIfdHJ1ZW5vcnRoaW5zdXJhbmNlc29sdXRpb25zLmNvbYIjd3d3LnRydWVub3J0aGluc3VyYW5jZXNvbHV0aW9ucy5jb20wCgYIKoZIzj0EAwIDSQAwRgIhAPhirxADxG-zX32nI8HIS8_7RO3D1M6uRSTqWNeB7MsVAiEAsK1u0gVDilMfAOCskJAISOhxr2MQuLglcKLfUaeVqs8"\n}'
2026-04-06 06:56:14,885:DEBUG:acme.client:Sending POST request to https://acme-staging-v02.api.letsencrypt.org/acme/finalize/280643183/35691251603:
{
  "protected": "eyJhbGciOiAiUlMyNTYiLCAia2lkIjogImh0dHBzOi8vYWNtZS1zdGFnaW5nLXYwMi5hcGkubGV0c2VuY3J5cHQub3JnL2FjbWUvYWNjdC8yODA2NDMxODMiLCAibm9uY2UiOiAia250dFdoaHFhYzFPYnZ3cF9Da1pwQl9EcUxKd1JRb3VPWU1EVU92YmVMVmRhU1NtSENBIiwgInVybCI6ICJodHRwczovL2FjbWUtc3RhZ2luZy12MDIuYXBpLmxldHNlbmNyeXB0Lm9yZy9hY21lL2ZpbmFsaXplLzI4MDY0MzE4My8zNTY5MTI1MTYwMyJ9",
  "signature": "eKLIVnHctBcAkgUgGJ7uXqoM3RfqFCQlknLCDYIPfGQA-CioKS2L9oA6W3Bh-nLPh-lNawb5qdF3_YOcidQRKXCvEHo-Dk9vRQZzfOXnS-9SgMGomVdk8G0FmFdsBzufeHSVt-KqvYM1d8mf85siJVks9WJ2bqymKfWImYHfj4_p6_IQOPffzwE9dfbzw2kQJI8sPDaBmEJS1A6CIzLis7ROhYSWF-8fxr5UlStjl7rpg6oAniiOzDA-EtIcG1PoReRZoix3SaytAU-2lx33Ad0JcgGL7XtlHEaeBjycWXKi6Mlc3fgELuDiNjv9ua0fuKfxRBNp4X3_37vacbh-wg",
  "payload": "ewogICJjc3IiOiAiTUlJQkhqQ0J4QUlCQURBQU1Ga3dFd1lIS29aSXpqMENBUVlJS29aSXpqMERBUWNEUWdBRVNjaUU5eWl6Y1lna2tLXzl5ckFaNkdxbmpNMGZQQWVRRmZ2bThXZEZkWkZDdFFMN1Y1YXFLVUVtanZkRUg4VlIyazcwU3RoV1Z0dzh1b0lQVHlLLWRLQmlNR0FHQ1NxR1NJYjNEUUVKRGpGVE1GRXdUd1lEVlIwUkJFZ3dSb0lmZEhKMVpXNXZjblJvYVc1emRYSmhibU5sYzI5c2RYUnBiMjV6TG1OdmJZSWpkM2QzTG5SeWRXVnViM0owYUdsdWMzVnlZVzVqWlhOdmJIVjBhVzl1Y3k1amIyMHdDZ1lJS29aSXpqMEVBd0lEU1FBd1JnSWhBUGhpcnhBRHhHLXpYMzJuSThISVM4XzdSTzNEMU02dVJTVHFXTmVCN01zVkFpRUFzSzF1MGdWRGlsTWZBT0Nza0pBSVNPaHhyMk1RdUxnbGNLTGZVYWVWcXM4Igp9"
}
2026-04-06 06:56:14,915:DEBUG:urllib3.connectionpool:https://acme-staging-v02.api.letsencrypt.org:443 "POST /acme/finalize/280643183/35691251603 HTTP/1.1" 200 548
2026-04-06 06:56:14,915:DEBUG:acme.client:Received response:
HTTP 200
Server: nginx
Date: Mon, 06 Apr 2026 06:56:14 GMT
Content-Type: application/json
Content-Length: 548
Connection: keep-alive
Boulder-Requester: 280643183
Cache-Control: public, max-age=0, no-cache
Link: <https://acme-staging-v02.api.letsencrypt.org/directory>;rel="index"
Location: https://acme-staging-v02.api.letsencrypt.org/acme/order/280643183/35691251603
Replay-Nonce: knttWhhq0pi6dgLvHbKsOoODz6KjjdTa1-XmTKEENGfQhqAFZM8
Retry-After: 3
X-Frame-Options: DENY
Strict-Transport-Security: max-age=604800

{
  "status": "processing",
  "expires": "2026-04-13T06:56:13Z",
  "identifiers": [
    {
      "type": "dns",
      "value": "truenorthinsurancesolutions.com"
    },
    {
      "type": "dns",
      "value": "www.truenorthinsurancesolutions.com"
    }
  ],
  "authorizations": [
    "https://acme-staging-v02.api.letsencrypt.org/acme/authz/280643183/391980723",
    "https://acme-staging-v02.api.letsencrypt.org/acme/authz/280643183/391980733"
  ],
  "finalize": "https://acme-staging-v02.api.letsencrypt.org/acme/finalize/280643183/35691251603"
}
2026-04-06 06:56:14,915:DEBUG:acme.client:Storing nonce: knttWhhq0pi6dgLvHbKsOoODz6KjjdTa1-XmTKEENGfQhqAFZM8
2026-04-06 06:56:15,916:DEBUG:acme.client:JWS payload:
b''
2026-04-06 06:56:15,918:DEBUG:acme.client:Sending POST request to https://acme-staging-v02.api.letsencrypt.org/acme/order/280643183/35691251603:
{
  "protected": "eyJhbGciOiAiUlMyNTYiLCAia2lkIjogImh0dHBzOi8vYWNtZS1zdGFnaW5nLXYwMi5hcGkubGV0c2VuY3J5cHQub3JnL2FjbWUvYWNjdC8yODA2NDMxODMiLCAibm9uY2UiOiAia250dFdoaHEwcGk2ZGdMdkhiS3NPb09EejZLampkVGExLVhtVEtFRU5HZlFocUFGWk04IiwgInVybCI6ICJodHRwczovL2FjbWUtc3RhZ2luZy12MDIuYXBpLmxldHNlbmNyeXB0Lm9yZy9hY21lL29yZGVyLzI4MDY0MzE4My8zNTY5MTI1MTYwMyJ9",
  "signature": "UlHicG57MtEZrJ4aFQ1firqSKvKDyZIeFC57z8FkTNlTjvZlpI9xQaxW8gymHltHhE72hcVgQ3FH3w2wcCGzjqXD6DZP2VGex5vr_yoJ5ozp9bWvT_Zg3zoL6jV-A4yf3mZFKqlzOJRz0aFLeLghqLxPX2wZls6BrLMWggbPyWz5JT6JRQf9Z9cG5Sm9F0if9DFbL1lDXFQJfg8PNGVRMJg48_Hs9p9bkKJWEwcsiO2YmLMxivn472NAgq1FuBpCMPN8LLE1CMRfzrwMzP9ckvlhda_2morCIkx-9p48aUnagsWh9WwV5i1J9AkmmHpGqyYCL6_5uI14tqZlBkZYmw",
  "payload": ""
}
2026-04-06 06:56:15,944:DEBUG:urllib3.connectionpool:https://acme-staging-v02.api.letsencrypt.org:443 "POST /acme/order/280643183/35691251603 HTTP/1.1" 200 655
2026-04-06 06:56:15,944:DEBUG:acme.client:Received response:
HTTP 200
Server: nginx
Date: Mon, 06 Apr 2026 06:56:15 GMT
Content-Type: application/json
Content-Length: 655
Connection: keep-alive
Cache-Control: public, max-age=0, no-cache
Link: <https://acme-staging-v02.api.letsencrypt.org/directory>;rel="index"
Location: https://acme-staging-v02.api.letsencrypt.org/acme/order/280643183/35691251603
Replay-Nonce: nPBsNanhnCC7llHhNa40qn0df1IPoFr9fvrPbPHzX7Z2Mbq8jlU
X-Frame-Options: DENY
Strict-Transport-Security: max-age=604800

{
  "status": "valid",
  "expires": "2026-04-13T06:56:13Z",
  "identifiers": [
    {
      "type": "dns",
      "value": "truenorthinsurancesolutions.com"
    },
    {
      "type": "dns",
      "value": "www.truenorthinsurancesolutions.com"
    }
  ],
  "authorizations": [
    "https://acme-staging-v02.api.letsencrypt.org/acme/authz/280643183/391980723",
    "https://acme-staging-v02.api.letsencrypt.org/acme/authz/280643183/391980733"
  ],
  "finalize": "https://acme-staging-v02.api.letsencrypt.org/acme/finalize/280643183/35691251603",
  "certificate": "https://acme-staging-v02.api.letsencrypt.org/acme/cert/2c6932a20cba19bb1595c956541299bc1d1a"
}
2026-04-06 06:56:15,945:DEBUG:acme.client:Storing nonce: nPBsNanhnCC7llHhNa40qn0df1IPoFr9fvrPbPHzX7Z2Mbq8jlU
2026-04-06 06:56:15,945:DEBUG:acme.client:JWS payload:
b''
2026-04-06 06:56:15,947:DEBUG:acme.client:Sending POST request to https://acme-staging-v02.api.letsencrypt.org/acme/cert/2c6932a20cba19bb1595c956541299bc1d1a:
{
  "protected": "eyJhbGciOiAiUlMyNTYiLCAia2lkIjogImh0dHBzOi8vYWNtZS1zdGFnaW5nLXYwMi5hcGkubGV0c2VuY3J5cHQub3JnL2FjbWUvYWNjdC8yODA2NDMxODMiLCAibm9uY2UiOiAiblBCc05hbmhuQ0M3bGxIaE5hNDBxbjBkZjFJUG9GcjlmdnJQYlBIelg3WjJNYnE4amxVIiwgInVybCI6ICJodHRwczovL2FjbWUtc3RhZ2luZy12MDIuYXBpLmxldHNlbmNyeXB0Lm9yZy9hY21lL2NlcnQvMmM2OTMyYTIwY2JhMTliYjE1OTVjOTU2NTQxMjk5YmMxZDFhIn0",
  "signature": "Y2h28E3KQ_SmwWBHtP2j-msr5L07bs33FuwAK2ukP6OYI4zaaDB2nDn-LGpGSncVanKykwQ-RIIHCSvrX22I4mVvCW5KGqgm9dADHOW6tHalp4zyCly4tedRs6vxj499mjshSmY70Xmtgh8Yah2gofCeDF9Eh_HwLxAIywUGoRn7LIqW4Jah6Z05nXq6QOmFBuy8-Pe1uZlSiYAWgXXTiN6bj24_-HvLqW9FJWspsseEVnPcHkRF2t_zBPFshngFti1CX_U856IWXCgTGeFYGeINVEDapS7usuAywl8LcIk3GsaWbEONIQCsSt-BB9NH56aN281OA75FeuNFVTVsgQ",
  "payload": ""
}
2026-04-06 06:56:15,976:DEBUG:urllib3.connectionpool:https://acme-staging-v02.api.letsencrypt.org:443 "POST /acme/cert/2c6932a20cba19bb1595c956541299bc1d1a HTTP/1.1" 200 3100
2026-04-06 06:56:15,977:DEBUG:acme.client:Received response:
HTTP 200
Server: nginx
Date: Mon, 06 Apr 2026 06:56:15 GMT
Content-Type: application/pem-certificate-chain
Content-Length: 3100
Connection: keep-alive
Cache-Control: public, max-age=0, no-cache
Link: <https://acme-staging-v02.api.letsencrypt.org/directory>;rel="index", <https://acme-staging-v02.api.letsencrypt.org/acme/cert/2c6932a20cba19bb1595c956541299bc1d1a/1>;rel="alternate"
Replay-Nonce: nPBsNanhk8gTdRsz1bSCOoAATC2beZKpw6xLaPNZKnLzquZDWE0
X-Frame-Options: DENY
Strict-Transport-Security: max-age=604800

-----BEGIN CERTIFICATE-----
MIID+TCCA4CgAwIBAgISLGkyogy6GbsVlclWVBKZvB0aMAoGCCqGSM49BAMDMFcx
CzAJBgNVBAYTAlVTMSAwHgYDVQQKExcoU1RBR0lORykgTGV0J3MgRW5jcnlwdDEm
MCQGA1UEAxMdKFNUQUdJTkcpIFB1enpsaW5nIFBhcnNuaXAgRTcwHhcNMjYwNDA2
MDU1NzQ0WhcNMjYwNzA1MDU1NzQzWjAqMSgwJgYDVQQDEx90cnVlbm9ydGhpbnN1
cmFuY2Vzb2x1dGlvbnMuY29tMFkwEwYHKoZIzj0CAQYIKoZIzj0DAQcDQgAESciE
9yizcYgkkK/9yrAZ6GqnjM0fPAeQFfvm8WdFdZFCtQL7V5aqKUEmjvdEH8VR2k70
SthWVtw8uoIPTyK+dKOCAlcwggJTMA4GA1UdDwEB/wQEAwIHgDATBgNVHSUEDDAK
BggrBgEFBQcDATAMBgNVHRMBAf8EAjAAMB0GA1UdDgQWBBRV0yRPq/EdfY/z/Bh4
LfyJKrwg0jAfBgNVHSMEGDAWgBSkD5QLRGNqmamg2YxmQ7FP3LAsRjA2BggrBgEF
BQcBAQQqMCgwJgYIKwYBBQUHMAKGGmh0dHA6Ly9zdGctZTcuaS5sZW5jci5vcmcv
ME8GA1UdEQRIMEaCH3RydWVub3J0aGluc3VyYW5jZXNvbHV0aW9ucy5jb22CI3d3
dy50cnVlbm9ydGhpbnN1cmFuY2Vzb2x1dGlvbnMuY29tMBMGA1UdIAQMMAowCAYG
Z4EMAQIBMDEGA1UdHwQqMCgwJqAkoCKGIGh0dHA6Ly9zdGctZTcuYy5sZW5jci5v
cmcvMjcuY3JsMIIBCwYKKwYBBAHWeQIEAgSB/ASB+QD3AHUAYukAYASjB5VadUS0
1YSpYmjKHW5Fha3wkW3+X9wfBNsAAAGdYZPiswAABAMARjBEAiAeiy8isY87Ilty
Vxz6DMb3V7zWQE3VjWdZWA+lunE9bgIgbnD69DmonP5D4WvgjKYX6APOTfLxuiK8
44G3bvFgFucAfgAkppqHwt1YLdUCslF/DDgn8wtOqEokE7VT5vvxjPFf7wAAAZ1h
k+MaAAgAAAUAAGjiKgQDAEcwRQIhANuZsTxugt7v54onRq+r2hTztPUNZX58VYXR
Od3at7ayAiAVe7/9opRSSN1mdTa8EhmAZJfkBTc1iD4W0x+nNs7kmzAKBggqhkjO
PQQDAwNnADBkAjBmUU6avZoGWQ0Q6sclLheHMg1bfAVKL2n00CYi4uVDetr2sYaR
OZu+vqbpRmWx2/4CMEvi5alWYlbeohPc+1SwxOs0bZxGW2q1WtOvOJ8ujSPNdj9x
n+P+dF68c26fHYHHcQ==
-----END CERTIFICATE-----

-----BEGIN CERTIFICATE-----
MIIEmzCCAoOgAwIBAgIQR1zhS092VJ8XK2pNm/t1gDANBgkqhkiG9w0BAQsFADBm
MQswCQYDVQQGEwJVUzEzMDEGA1UEChMqKFNUQUdJTkcpIEludGVybmV0IFNlY3Vy
aXR5IFJlc2VhcmNoIEdyb3VwMSIwIAYDVQQDExkoU1RBR0lORykgUHJldGVuZCBQ
ZWFyIFgxMB4XDTI0MDMxMzAwMDAwMFoXDTI3MDMxMjIzNTk1OVowVzELMAkGA1UE
BhMCVVMxIDAeBgNVBAoTFyhTVEFHSU5HKSBMZXQncyBFbmNyeXB0MSYwJAYDVQQD
Ex0oU1RBR0lORykgUHV6emxpbmcgUGFyc25pcCBFNzB2MBAGByqGSM49AgEGBSuB
BAAiA2IABHu5ddBGjP6Ky/vtPVXikXyYxd8+ua+vISFBc3hJ1Iz/zme8T3C7BQsc
U3WslRgVeI6c2CpEn2pB+5xb2PRVY8u8RoyrtKV7Q0gcUbQ5bMHYJc1Zubn4tcWt
+tAkzx5JoqOCAQAwgf0wDgYDVR0PAQH/BAQDAgGGMB0GA1UdJQQWMBQGCCsGAQUF
BwMCBggrBgEFBQcDATASBgNVHRMBAf8ECDAGAQH/AgEAMB0GA1UdDgQWBBSkD5QL
RGNqmamg2YxmQ7FP3LAsRjAfBgNVHSMEGDAWgBS182Xy/rAKkh/7PH3zRKCsYyXD
FDA2BggrBgEFBQcBAQQqMCgwJgYIKwYBBQUHMAKGGmh0dHA6Ly9zdGcteDEuaS5s
ZW5jci5vcmcvMBMGA1UdIAQMMAowCAYGZ4EMAQIBMCsGA1UdHwQkMCIwIKAeoByG
Gmh0dHA6Ly9zdGcteDEuYy5sZW5jci5vcmcvMA0GCSqGSIb3DQEBCwUAA4ICAQBk
ws0hFFdRM6HYbbeSV+sAX3qiH0GSQCAS3le8ZdEDw0vdLQUqNA8dYd4t2P0tjFg5
3ZVr8MFDQvP0zMyTAROT7SB4/8yG9QTWV9uQ4fMjwRh474EWvdXDMPVIw1W9FhiF
NatXQD9o6Dg3Q91puWUxMOwiux+XkpMRHpFQ/6kHC9O4whjYqvZOYZaRwg0aiAg4
SOnorJMeo2215nAsFWidfJF7WzfUQHRWsmSdJumUf6SSYl2hhB11nFTSHQG75uaG
qz27J/XSP+QiF0BBBR5iK7x2W7vOFG1UTFAredh7SAkJehlHfnNcrFLHGPvkRLb1
gW6BZH7tl2DB3auMuP5MdFytEq88HG83eerp4WRBZ8RL+R3nXDo6fCv1SMr6mzA5
lsytrmDDuWSSRsn/rSkx78h+JtDfBrAz+QAVYa7I49nKRLyhc9RjOGTGpZh2LLbi
Q09bTBIgSN14ZiCBbet8vH5c+PeDRZnBbSZrJn9Ju14m43Z1rmOOcd4VoG1wjD2X
Q3DrM3K1TMn6DWq7Ks1sb+XkoMVKqi++M4bip3PUxdNNfj+ekovaaK1JJsjEDgCp
f6V+ThZrDT72tmOYrus7oQXDglKZ2rJWON5LB/kK5Z9Nn7/uMShxuwxp5rwHf5zb
AQlfAKgotEgPQfmzftRHvTab4vAx+D2u8+NHlzitJg==
-----END CERTIFICATE-----

2026-04-06 06:56:15,977:DEBUG:acme.client:Storing nonce: nPBsNanhk8gTdRsz1bSCOoAATC2beZKpw6xLaPNZKnLzquZDWE0
2026-04-06 06:56:15,978:DEBUG:certbot._internal.renewal:Dry run: skipping updating lineage at /var/www/truenorthinsurancesolutions.com/ssl/config/live/truenorthinsurancesolutions.com
2026-04-06 06:56:15,981:DEBUG:certbot._internal.updater:Skipping updaters in dry-run mode.
2026-04-06 06:56:15,981:DEBUG:certbot._internal.display.obj:Notifying user: 
- - - - - - - - - - - - - - - - - - - - - - - - - - - - - - - - - - - - - - - -
2026-04-06 06:56:15,981:DEBUG:certbot._internal.display.obj:Notifying user: Congratulations, all simulated renewals succeeded: 
2026-04-06 06:56:15,981:DEBUG:certbot._internal.display.obj:Notifying user:   /var/www/truenorthinsurancesolutions.com/ssl/config/live/truenorthinsurancesolutions.com/fullchain.pem (success)
2026-04-06 06:56:15,981:DEBUG:certbot._internal.display.obj:Notifying user: - - - - - - - - - - - - - - - - - - - - - - - - - - - - - - - - - - - - - - - -
2026-04-06 06:56:15,981:DEBUG:certbot._internal.renewal:no renewal failures
2026-04-06 06:57:11,991:DEBUG:certbot._internal.main:certbot version: 2.9.0
2026-04-06 06:57:11,991:DEBUG:certbot._internal.main:Location of certbot entry point: /usr/bin/certbot
2026-04-06 06:57:11,991:DEBUG:certbot._internal.main:Arguments: ['--cert-name', 'truenorthinsurancesolutions.com', '--config-dir', '/var/www/truenorthinsurancesolutions.com/ssl/config', '--work-dir', '/var/www/truenorthinsurancesolutions.com/ssl/work', '--logs-dir', '/var/www/truenorthinsurancesolutions.com/ssl/logs', '--deploy-hook', 'systemctl reload apache2', '--dry-run']
2026-04-06 06:57:11,991:DEBUG:certbot._internal.main:Discovered plugins: PluginsRegistry(PluginEntryPoint#apache,PluginEntryPoint#manual,PluginEntryPoint#null,PluginEntryPoint#standalone,PluginEntryPoint#webroot)
2026-04-06 06:57:11,998:DEBUG:certbot._internal.log:Root logging level set at 30
2026-04-06 06:57:11,999:DEBUG:certbot._internal.display.obj:Notifying user: Processing
/var/www/truenorthinsurancesolutions.com/ssl/config/renewal/truenorthinsurancesolutions.com.conf
2026-04-06 06:57:12,000:DEBUG:certbot.configuration:Var config_dir=/var/www/truenorthinsurancesolutions.com/ssl/config (set by user).
2026-04-06 06:57:12,000:DEBUG:certbot.configuration:Var logs_dir=/var/www/truenorthinsurancesolutions.com/ssl/logs (set by user).
2026-04-06 06:57:12,000:DEBUG:certbot.configuration:Var work_dir=/var/www/truenorthinsurancesolutions.com/ssl/work (set by user).
2026-04-06 06:57:12,000:DEBUG:certbot.configuration:Var server=https://acme-staging-v02.api.letsencrypt.org/directory (set by user).
2026-04-06 06:57:12,000:DEBUG:certbot.configuration:Var account=None (set by user).
2026-04-06 06:57:12,001:DEBUG:certbot._internal.plugins.selection:Requested authenticator None and installer None
2026-04-06 06:57:12,021:INFO:certbot.ocsp:Cannot extract OCSP URI from /var/www/truenorthinsurancesolutions.com/ssl/config/archive/truenorthinsurancesolutions.com/cert1.pem
2026-04-06 06:57:12,024:INFO:certbot._internal.renewal:Certificate not due for renewal, but simulating renewal for dry run
2026-04-06 06:57:12,024:DEBUG:certbot._internal.plugins.selection:Requested authenticator webroot and installer None
2026-04-06 06:57:12,025:DEBUG:certbot._internal.plugins.selection:Single candidate plugin: * webroot
Description: Saves the necessary validation files to a .well-known/acme-challenge/ directory within the nominated webroot path. A seperate HTTP server must be running and serving files from the webroot path. HTTP challenge only (wildcards not supported).
Interfaces: Authenticator, Plugin
Entry point: EntryPoint(name='webroot', value='certbot._internal.plugins.webroot:Authenticator', group='certbot.plugins')
Initialized: <certbot._internal.plugins.webroot.Authenticator object at 0x7c645d032f30>
Prep: True
2026-04-06 06:57:12,025:DEBUG:certbot._internal.plugins.selection:Selected authenticator <certbot._internal.plugins.webroot.Authenticator object at 0x7c645d032f30> and installer None
2026-04-06 06:57:12,025:INFO:certbot._internal.plugins.selection:Plugins selected: Authenticator webroot, Installer None
2026-04-06 06:57:12,072:DEBUG:certbot._internal.main:Picked account: <Account(RegistrationResource(body=Registration(key=None, contact=(), agreement=None, status=None, terms_of_service_agreed=None, only_return_existing=None, external_account_binding=None), uri='https://acme-staging-v02.api.letsencrypt.org/acme/acct/280643183', new_authzr_uri=None, terms_of_service=None), 8c95fc28aaea7aa05fbf3a0d3a33b96a, Meta(creation_dt=datetime.datetime(2026, 4, 6, 6, 46, 22, tzinfo=<UTC>), creation_host='74-207-240-74.ip.linodeusercontent.com', register_to_eff=None))>
2026-04-06 06:57:12,072:DEBUG:acme.client:Sending GET request to https://acme-staging-v02.api.letsencrypt.org/directory.
2026-04-06 06:57:12,074:DEBUG:urllib3.connectionpool:Starting new HTTPS connection (1): acme-staging-v02.api.letsencrypt.org:443
2026-04-06 06:57:12,200:DEBUG:urllib3.connectionpool:https://acme-staging-v02.api.letsencrypt.org:443 "GET /directory HTTP/1.1" 200 1107
2026-04-06 06:57:12,200:DEBUG:acme.client:Received response:
HTTP 200
Server: nginx
Date: Mon, 06 Apr 2026 06:57:12 GMT
Content-Type: application/json
Content-Length: 1107
Connection: keep-alive
Cache-Control: public, max-age=0, no-cache
X-Frame-Options: DENY
Strict-Transport-Security: max-age=604800

{
  "NowL9YRlyL4": "https://community.letsencrypt.org/t/adding-random-entries-to-the-directory/33417",
  "keyChange": "https://acme-staging-v02.api.letsencrypt.org/acme/key-change",
  "meta": {
    "caaIdentities": [
      "letsencrypt.org"
    ],
    "profiles": {
      "classic": "https://letsencrypt.org/docs/profiles#classic",
      "shortlived": "https://letsencrypt.org/docs/profiles#shortlived",
      "tlsclient": "https://letsencrypt.org/docs/profiles#tlsclient",
      "tlsserver": "https://letsencrypt.org/docs/profiles#tlsserver"
    },
    "termsOfService": "https://letsencrypt.org/documents/LE-SA-v1.6-August-18-2025.pdf",
    "website": "https://letsencrypt.org/docs/staging-environment/"
  },
  "newAccount": "https://acme-staging-v02.api.letsencrypt.org/acme/new-acct",
  "newNonce": "https://acme-staging-v02.api.letsencrypt.org/acme/new-nonce",
  "newOrder": "https://acme-staging-v02.api.letsencrypt.org/acme/new-order",
  "renewalInfo": "https://acme-staging-v02.api.letsencrypt.org/acme/renewal-info",
  "revokeCert": "https://acme-staging-v02.api.letsencrypt.org/acme/revoke-cert"
}
2026-04-06 06:57:12,202:DEBUG:certbot._internal.display.obj:Notifying user: Simulating renewal of an existing certificate for truenorthinsurancesolutions.com and www.truenorthinsurancesolutions.com
2026-04-06 06:57:12,206:DEBUG:acme.client:Requesting fresh nonce
2026-04-06 06:57:12,207:DEBUG:acme.client:Sending HEAD request to https://acme-staging-v02.api.letsencrypt.org/acme/new-nonce.
2026-04-06 06:57:12,546:DEBUG:urllib3.connectionpool:https://acme-staging-v02.api.letsencrypt.org:443 "HEAD /acme/new-nonce HTTP/1.1" 200 0
2026-04-06 06:57:12,547:DEBUG:acme.client:Received response:
HTTP 200
Server: nginx
Date: Mon, 06 Apr 2026 06:57:12 GMT
Connection: keep-alive
Cache-Control: public, max-age=0, no-cache
Link: <https://acme-staging-v02.api.letsencrypt.org/directory>;rel="index"
Replay-Nonce: nPBsNanhijJBNR0Q-8E7Szdhja9e_54n2kCcJYk7T1q-fP1glfU
X-Frame-Options: DENY
Strict-Transport-Security: max-age=604800


2026-04-06 06:57:12,547:DEBUG:acme.client:Storing nonce: nPBsNanhijJBNR0Q-8E7Szdhja9e_54n2kCcJYk7T1q-fP1glfU
2026-04-06 06:57:12,547:DEBUG:acme.client:JWS payload:
b'{\n  "identifiers": [\n    {\n      "type": "dns",\n      "value": "truenorthinsurancesolutions.com"\n    },\n    {\n      "type": "dns",\n      "value": "www.truenorthinsurancesolutions.com"\n    }\n  ]\n}'
2026-04-06 06:57:12,550:DEBUG:acme.client:Sending POST request to https://acme-staging-v02.api.letsencrypt.org/acme/new-order:
{
  "protected": "eyJhbGciOiAiUlMyNTYiLCAia2lkIjogImh0dHBzOi8vYWNtZS1zdGFnaW5nLXYwMi5hcGkubGV0c2VuY3J5cHQub3JnL2FjbWUvYWNjdC8yODA2NDMxODMiLCAibm9uY2UiOiAiblBCc05hbmhpakpCTlIwUS04RTdTemRoamE5ZV81NG4ya0NjSllrN1QxcS1mUDFnbGZVIiwgInVybCI6ICJodHRwczovL2FjbWUtc3RhZ2luZy12MDIuYXBpLmxldHNlbmNyeXB0Lm9yZy9hY21lL25ldy1vcmRlciJ9",
  "signature": "gtu4n7yuMAWb5xbQejeP10UyEUcpqPHsCi5KmUccO49VkaoNAcy4sG8ankQu6G9iZ262_NYqFaINXisLRR6iwhgxqCEgFOqWAIrTmG8ulehM4WOkja10J1IkOetmeldX68K98J250y-uQ31CiE5CE7z9GtwC2VRkz0scqOmYzht6dlWssNSXAxQ7fTJcmhLAkTTxNR31PlE0MkwYs60Dfnz85FiGaXocxUZB-x6v3kpTHT_8DCQNnIsuiZVgpu0RLI4kWIbjRc0XyL5jofadq4sLoJdEK8V7lKx4Yc-ykVhA1w6damWlsPyKZAlgW8mPwbDKGWtmHToZL1TC8GfwzA",
  "payload": "ewogICJpZGVudGlmaWVycyI6IFsKICAgIHsKICAgICAgInR5cGUiOiAiZG5zIiwKICAgICAgInZhbHVlIjogInRydWVub3J0aGluc3VyYW5jZXNvbHV0aW9ucy5jb20iCiAgICB9LAogICAgewogICAgICAidHlwZSI6ICJkbnMiLAogICAgICAidmFsdWUiOiAid3d3LnRydWVub3J0aGluc3VyYW5jZXNvbHV0aW9ucy5jb20iCiAgICB9CiAgXQp9"
}
2026-04-06 06:57:12,658:DEBUG:urllib3.connectionpool:https://acme-staging-v02.api.letsencrypt.org:443 "POST /acme/new-order HTTP/1.1" 201 543
2026-04-06 06:57:12,658:DEBUG:acme.client:Received response:
HTTP 201
Server: nginx
Date: Mon, 06 Apr 2026 06:57:12 GMT
Content-Type: application/json
Content-Length: 543
Connection: keep-alive
Boulder-Requester: 280643183
Cache-Control: public, max-age=0, no-cache
Link: <https://acme-staging-v02.api.letsencrypt.org/directory>;rel="index"
Location: https://acme-staging-v02.api.letsencrypt.org/acme/order/280643183/35691281663
Replay-Nonce: knttWhhqi0FW84OjmDtaRk_7L94h9cScgXNTjZsu_sy7oppZdhs
X-Frame-Options: DENY
Strict-Transport-Security: max-age=604800

{
  "status": "ready",
  "expires": "2026-04-13T06:57:12Z",
  "identifiers": [
    {
      "type": "dns",
      "value": "truenorthinsurancesolutions.com"
    },
    {
      "type": "dns",
      "value": "www.truenorthinsurancesolutions.com"
    }
  ],
  "authorizations": [
    "https://acme-staging-v02.api.letsencrypt.org/acme/authz/280643183/391980723",
    "https://acme-staging-v02.api.letsencrypt.org/acme/authz/280643183/391980733"
  ],
  "finalize": "https://acme-staging-v02.api.letsencrypt.org/acme/finalize/280643183/35691281663"
}
2026-04-06 06:57:12,658:DEBUG:acme.client:Storing nonce: knttWhhqi0FW84OjmDtaRk_7L94h9cScgXNTjZsu_sy7oppZdhs
2026-04-06 06:57:12,659:DEBUG:acme.client:JWS payload:
b''
2026-04-06 06:57:12,660:DEBUG:acme.client:Sending POST request to https://acme-staging-v02.api.letsencrypt.org/acme/authz/280643183/391980723:
{
  "protected": "eyJhbGciOiAiUlMyNTYiLCAia2lkIjogImh0dHBzOi8vYWNtZS1zdGFnaW5nLXYwMi5hcGkubGV0c2VuY3J5cHQub3JnL2FjbWUvYWNjdC8yODA2NDMxODMiLCAibm9uY2UiOiAia250dFdoaHFpMEZXODRPam1EdGFSa183TDk0aDljU2NnWE5UalpzdV9zeTdvcHBaZGhzIiwgInVybCI6ICJodHRwczovL2FjbWUtc3RhZ2luZy12MDIuYXBpLmxldHNlbmNyeXB0Lm9yZy9hY21lL2F1dGh6LzI4MDY0MzE4My8zOTE5ODA3MjMifQ",
  "signature": "SiCfdGIWhQIOmgG-SS5rNe_sDA_2DVbpAFrqTPedz-vb6DPusVo962QSOK6cbyUPAPMJH8P-XtcE1D3ShmX44miH9zIR6LqaLYC8ICeu87LhvJ9lusvbC4_B8qypazQopRAQ073CvYrRWELm_k5Mr4jDlsMbusiT1JmBFwGHYyw0n_YCeV6pPASXVVr1EOAa2BbKhcPeI_wtnF7_mKkYMxtO-D4Yz8pEfoxIVRS2YUT_uDx_uxlU6hEc2dxqFM2BvswrQ2OywvZeWCRy6-F-7D4-5t0up-om0BmOnL_5ht3Zue8Q578c_sRYuBJrRo0tgmW19iI7gMMu9O6jX5ot1A",
  "payload": ""
}
2026-04-06 06:57:12,754:DEBUG:urllib3.connectionpool:https://acme-staging-v02.api.letsencrypt.org:443 "POST /acme/authz/280643183/391980723 HTTP/1.1" 200 820
2026-04-06 06:57:12,755:DEBUG:acme.client:Received response:
HTTP 200
Server: nginx
Date: Mon, 06 Apr 2026 06:57:12 GMT
Content-Type: application/json
Content-Length: 820
Connection: keep-alive
Boulder-Requester: 280643183
Cache-Control: public, max-age=0, no-cache
Link: <https://acme-staging-v02.api.letsencrypt.org/directory>;rel="index"
Replay-Nonce: nPBsNanhLn0CB1PZB2ggUwwY8lhEtBFFX8JG3FYZp1UYePuVabI
X-Frame-Options: DENY
Strict-Transport-Security: max-age=604800

{
  "identifier": {
    "type": "dns",
    "value": "truenorthinsurancesolutions.com"
  },
  "status": "valid",
  "expires": "2026-05-06T06:56:14Z",
  "challenges": [
    {
      "type": "http-01",
      "url": "https://acme-staging-v02.api.letsencrypt.org/acme/chall/280643183/391980723/jbd2Yg",
      "status": "valid",
      "validated": "2026-04-06T06:56:13Z",
      "token": "J21l41FAc5hnRdfSwr0BETJ8DTHDTgb-Ye8oA9SFB5A",
      "validationRecord": [
        {
          "url": "http://truenorthinsurancesolutions.com/.well-known/acme-challenge/J21l41FAc5hnRdfSwr0BETJ8DTHDTgb-Ye8oA9SFB5A",
          "hostname": "truenorthinsurancesolutions.com",
          "port": "80",
          "addressesResolved": [
            "74.207.240.74"
          ],
          "addressUsed": "74.207.240.74"
        }
      ]
    }
  ]
}
2026-04-06 06:57:12,755:DEBUG:acme.client:Storing nonce: nPBsNanhLn0CB1PZB2ggUwwY8lhEtBFFX8JG3FYZp1UYePuVabI
2026-04-06 06:57:12,756:DEBUG:acme.client:JWS payload:
b''
2026-04-06 06:57:12,757:DEBUG:acme.client:Sending POST request to https://acme-staging-v02.api.letsencrypt.org/acme/authz/280643183/391980733:
{
  "protected": "eyJhbGciOiAiUlMyNTYiLCAia2lkIjogImh0dHBzOi8vYWNtZS1zdGFnaW5nLXYwMi5hcGkubGV0c2VuY3J5cHQub3JnL2FjbWUvYWNjdC8yODA2NDMxODMiLCAibm9uY2UiOiAiblBCc05hbmhMbjBDQjFQWkIyZ2dVd3dZOGxoRXRCRkZYOEpHM0ZZWnAxVVllUHVWYWJJIiwgInVybCI6ICJodHRwczovL2FjbWUtc3RhZ2luZy12MDIuYXBpLmxldHNlbmNyeXB0Lm9yZy9hY21lL2F1dGh6LzI4MDY0MzE4My8zOTE5ODA3MzMifQ",
  "signature": "NVN6fuwbbCOGyyXPqRr2t58HrFnBfeRrSFJD-HdQlm2nroraF-Q7fXfPYBk39I55OfSHgqPOlsVfEQ9851YZ1L7j4YGbY9xiqKD5leFOqOA67Jfo4GCm88KZ1lQRr-j-5jzszE8DjOI_b6UY0Au3fOfl4vu6iDiJD-ZBEhUPrMUn6MPH4B2bA4fWrt-hq1B0DsivcPp_cfC7fY83ENsFmr7pkEvDKFYYBRshA37w1_KbmABBMuk7CvcOyOfmIK6aL-BlViGelxs36_yAU_FggYPlLhGKROrjxExBGm-5WEG73xqa5OJy2Nfgg_tNSbGdv4gIesYnz6XhyaHTealIUA",
  "payload": ""
}
2026-04-06 06:57:12,817:DEBUG:urllib3.connectionpool:https://acme-staging-v02.api.letsencrypt.org:443 "POST /acme/authz/280643183/391980733 HTTP/1.1" 200 832
2026-04-06 06:57:12,818:DEBUG:acme.client:Received response:
HTTP 200
Server: nginx
Date: Mon, 06 Apr 2026 06:57:12 GMT
Content-Type: application/json
Content-Length: 832
Connection: keep-alive
Boulder-Requester: 280643183
Cache-Control: public, max-age=0, no-cache
Link: <https://acme-staging-v02.api.letsencrypt.org/directory>;rel="index"
Replay-Nonce: knttWhhqrMeLZRoiBEl-bOX4Wuwac7_WFzUATCJzAxKrzNApouM
X-Frame-Options: DENY
Strict-Transport-Security: max-age=604800

{
  "identifier": {
    "type": "dns",
    "value": "www.truenorthinsurancesolutions.com"
  },
  "status": "valid",
  "expires": "2026-05-06T06:56:14Z",
  "challenges": [
    {
      "type": "http-01",
      "url": "https://acme-staging-v02.api.letsencrypt.org/acme/chall/280643183/391980733/1PuNOQ",
      "status": "valid",
      "validated": "2026-04-06T06:56:13Z",
      "token": "NKvjVID6tp79ntxverwRBroKlh9fkVJ0SgFMxW3djuM",
      "validationRecord": [
        {
          "url": "http://www.truenorthinsurancesolutions.com/.well-known/acme-challenge/NKvjVID6tp79ntxverwRBroKlh9fkVJ0SgFMxW3djuM",
          "hostname": "www.truenorthinsurancesolutions.com",
          "port": "80",
          "addressesResolved": [
            "74.207.240.74"
          ],
          "addressUsed": "74.207.240.74"
        }
      ]
    }
  ]
}
2026-04-06 06:57:12,818:DEBUG:acme.client:Storing nonce: knttWhhqrMeLZRoiBEl-bOX4Wuwac7_WFzUATCJzAxKrzNApouM
2026-04-06 06:57:12,818:DEBUG:acme.client:JWS payload:
b'{\n  "status": "deactivated"\n}'
2026-04-06 06:57:12,820:DEBUG:acme.client:Sending POST request to https://acme-staging-v02.api.letsencrypt.org/acme/authz/280643183/391980723:
{
  "protected": "eyJhbGciOiAiUlMyNTYiLCAia2lkIjogImh0dHBzOi8vYWNtZS1zdGFnaW5nLXYwMi5hcGkubGV0c2VuY3J5cHQub3JnL2FjbWUvYWNjdC8yODA2NDMxODMiLCAibm9uY2UiOiAia250dFdoaHFyTWVMWlJvaUJFbC1iT1g0V3V3YWM3X1dGelVBVENKekF4S3J6TkFwb3VNIiwgInVybCI6ICJodHRwczovL2FjbWUtc3RhZ2luZy12MDIuYXBpLmxldHNlbmNyeXB0Lm9yZy9hY21lL2F1dGh6LzI4MDY0MzE4My8zOTE5ODA3MjMifQ",
  "signature": "jF1CLHSmHRj7mLjmwxTX0jI8pY66HqSLL947OJTQ2uWkfdZMLqbCu-U340x76xC-5KDfDVnSAP386cNmaFo1wPlksDJYiqO-848YjTqd4xJ1dn_UTUyEiF8s_Xe0UwwmMKb3dA8m9fKTmdleslEXfFzcPULd2WpLcG1U-3dFPHqlSTHvPSsIeOKf17A1hEfTzXcvXYAIMZaz9zO0m3zCMipi4EC4LVxMgxoeQhcmGeMnLPyxKds-YWv1ogg-nslD8wzyR0azIfZ6EZhd2pE6rJnLnvaPJqxgNGmtzng7XR4YwtUa0e7cwr5o7ZPEia_1U81M0LtBiD4tehca-M_i6g",
  "payload": "ewogICJzdGF0dXMiOiAiZGVhY3RpdmF0ZWQiCn0"
}
2026-04-06 06:57:12,867:DEBUG:urllib3.connectionpool:https://acme-staging-v02.api.letsencrypt.org:443 "POST /acme/authz/280643183/391980723 HTTP/1.1" 200 826
2026-04-06 06:57:12,868:DEBUG:acme.client:Received response:
HTTP 200
Server: nginx
Date: Mon, 06 Apr 2026 06:57:12 GMT
Content-Type: application/json
Content-Length: 826
Connection: keep-alive
Boulder-Requester: 280643183
Cache-Control: public, max-age=0, no-cache
Link: <https://acme-staging-v02.api.letsencrypt.org/directory>;rel="index"
Replay-Nonce: nPBsNanhV796NHMUJw29tcO_xgXd-wG2jC8LU3xWGiG3V9QmVTw
X-Frame-Options: DENY
Strict-Transport-Security: max-age=604800

{
  "identifier": {
    "type": "dns",
    "value": "truenorthinsurancesolutions.com"
  },
  "status": "deactivated",
  "expires": "2026-05-06T06:56:14Z",
  "challenges": [
    {
      "type": "http-01",
      "url": "https://acme-staging-v02.api.letsencrypt.org/acme/chall/280643183/391980723/jbd2Yg",
      "status": "valid",
      "validated": "2026-04-06T06:56:13Z",
      "token": "J21l41FAc5hnRdfSwr0BETJ8DTHDTgb-Ye8oA9SFB5A",
      "validationRecord": [
        {
          "url": "http://truenorthinsurancesolutions.com/.well-known/acme-challenge/J21l41FAc5hnRdfSwr0BETJ8DTHDTgb-Ye8oA9SFB5A",
          "hostname": "truenorthinsurancesolutions.com",
          "port": "80",
          "addressesResolved": [
            "74.207.240.74"
          ],
          "addressUsed": "74.207.240.74"
        }
      ]
    }
  ]
}
2026-04-06 06:57:12,868:DEBUG:acme.client:Storing nonce: nPBsNanhV796NHMUJw29tcO_xgXd-wG2jC8LU3xWGiG3V9QmVTw
2026-04-06 06:57:12,868:DEBUG:acme.client:JWS payload:
b'{\n  "status": "deactivated"\n}'
2026-04-06 06:57:12,870:DEBUG:acme.client:Sending POST request to https://acme-staging-v02.api.letsencrypt.org/acme/authz/280643183/391980733:
{
  "protected": "eyJhbGciOiAiUlMyNTYiLCAia2lkIjogImh0dHBzOi8vYWNtZS1zdGFnaW5nLXYwMi5hcGkubGV0c2VuY3J5cHQub3JnL2FjbWUvYWNjdC8yODA2NDMxODMiLCAibm9uY2UiOiAiblBCc05hbmhWNzk2TkhNVUp3Mjl0Y09feGdYZC13RzJqQzhMVTN4V0dpRzNWOVFtVlR3IiwgInVybCI6ICJodHRwczovL2FjbWUtc3RhZ2luZy12MDIuYXBpLmxldHNlbmNyeXB0Lm9yZy9hY21lL2F1dGh6LzI4MDY0MzE4My8zOTE5ODA3MzMifQ",
  "signature": "hUo2fAI5E0xptyQsC5fjmm3ECrEIhBPpONFiV6CDXPgbmN1Xuq3wpBlzREK7tRBXrpZLgUVhV4LmcI7maFdT3M-iL3t3tMmkRAlmzwpqTKOv0j-1yoleoKcYb9QYT3fQz-fzNbQ0ElA19CRCODdfeylKG0prtDL2QqTEGKf5-ewuK3I9aVGRVwsocr59euFya5BowZBKJyZ3m0_TLr-vQ-_d_ROlZ72kSn7jn8_rYRMc3neE8GerUlsAKffpU7fesnSReyKIurz8poKWuHVnMXOAmogZxajdNML8oVce9wh2htg_YEAkRSAyTwmG4HuCSL_py-NEhHpFPbcXaUQj8g",
  "payload": "ewogICJzdGF0dXMiOiAiZGVhY3RpdmF0ZWQiCn0"
}
2026-04-06 06:57:12,896:DEBUG:urllib3.connectionpool:https://acme-staging-v02.api.letsencrypt.org:443 "POST /acme/authz/280643183/391980733 HTTP/1.1" 200 838
2026-04-06 06:57:12,897:DEBUG:acme.client:Received response:
HTTP 200
Server: nginx
Date: Mon, 06 Apr 2026 06:57:12 GMT
Content-Type: application/json
Content-Length: 838
Connection: keep-alive
Boulder-Requester: 280643183
Cache-Control: public, max-age=0, no-cache
Link: <https://acme-staging-v02.api.letsencrypt.org/directory>;rel="index"
Replay-Nonce: knttWhhqzFtMye15okLiHt31PYYbkpLcdytatqGFAue-c_EIIIE
X-Frame-Options: DENY
Strict-Transport-Security: max-age=604800

{
  "identifier": {
    "type": "dns",
    "value": "www.truenorthinsurancesolutions.com"
  },
  "status": "deactivated",
  "expires": "2026-05-06T06:56:14Z",
  "challenges": [
    {
      "type": "http-01",
      "url": "https://acme-staging-v02.api.letsencrypt.org/acme/chall/280643183/391980733/1PuNOQ",
      "status": "valid",
      "validated": "2026-04-06T06:56:13Z",
      "token": "NKvjVID6tp79ntxverwRBroKlh9fkVJ0SgFMxW3djuM",
      "validationRecord": [
        {
          "url": "http://www.truenorthinsurancesolutions.com/.well-known/acme-challenge/NKvjVID6tp79ntxverwRBroKlh9fkVJ0SgFMxW3djuM",
          "hostname": "www.truenorthinsurancesolutions.com",
          "port": "80",
          "addressesResolved": [
            "74.207.240.74"
          ],
          "addressUsed": "74.207.240.74"
        }
      ]
    }
  ]
}
2026-04-06 06:57:12,897:DEBUG:acme.client:Storing nonce: knttWhhqzFtMye15okLiHt31PYYbkpLcdytatqGFAue-c_EIIIE
2026-04-06 06:57:12,897:DEBUG:certbot._internal.client:Recreating order after authz deactivations
2026-04-06 06:57:12,898:DEBUG:acme.client:JWS payload:
b'{\n  "identifiers": [\n    {\n      "type": "dns",\n      "value": "truenorthinsurancesolutions.com"\n    },\n    {\n      "type": "dns",\n      "value": "www.truenorthinsurancesolutions.com"\n    }\n  ]\n}'
2026-04-06 06:57:12,899:DEBUG:acme.client:Sending POST request to https://acme-staging-v02.api.letsencrypt.org/acme/new-order:
{
  "protected": "eyJhbGciOiAiUlMyNTYiLCAia2lkIjogImh0dHBzOi8vYWNtZS1zdGFnaW5nLXYwMi5hcGkubGV0c2VuY3J5cHQub3JnL2FjbWUvYWNjdC8yODA2NDMxODMiLCAibm9uY2UiOiAia250dFdoaHF6RnRNeWUxNW9rTGlIdDMxUFlZYmtwTGNkeXRhdHFHRkF1ZS1jX0VJSUlFIiwgInVybCI6ICJodHRwczovL2FjbWUtc3RhZ2luZy12MDIuYXBpLmxldHNlbmNyeXB0Lm9yZy9hY21lL25ldy1vcmRlciJ9",
  "signature": "EhaJLB4GCnVa1sleaR4XMMHwDxI10B1qurOPF0vvVqKAYXkD7YvMkHcdHIhdabhaWlURqwytrJ_fVk25NMoCSeuoqDsi1UoP40MEDF0g5HRckeCz6GivNW69Xr39hUYMvbz5te8dYNqBcyRweLrZlZuBj0krcouskkZdHtCDsV0t9CuGS90xvCJn8VI_MeE-Dl8f9WETX4Zp2urFIapqmwC9TI7U3AUso0vh1VAc1imKH_lCjB3fmLFV4pa9HlwDErBm9AowInAo8pg5lXUK_0LB63mAWv8gEsEsDSwDIKlZWw8KOq7jOjcvgca1KXnC5RkSl8P-MEvZaC0jRzCm6Q",
  "payload": "ewogICJpZGVudGlmaWVycyI6IFsKICAgIHsKICAgICAgInR5cGUiOiAiZG5zIiwKICAgICAgInZhbHVlIjogInRydWVub3J0aGluc3VyYW5jZXNvbHV0aW9ucy5jb20iCiAgICB9LAogICAgewogICAgICAidHlwZSI6ICJkbnMiLAogICAgICAidmFsdWUiOiAid3d3LnRydWVub3J0aGluc3VyYW5jZXNvbHV0aW9ucy5jb20iCiAgICB9CiAgXQp9"
}
2026-04-06 06:57:12,938:DEBUG:urllib3.connectionpool:https://acme-staging-v02.api.letsencrypt.org:443 "POST /acme/new-order HTTP/1.1" 201 545
2026-04-06 06:57:12,939:DEBUG:acme.client:Received response:
HTTP 201
Server: nginx
Date: Mon, 06 Apr 2026 06:57:12 GMT
Content-Type: application/json
Content-Length: 545
Connection: keep-alive
Boulder-Requester: 280643183
Cache-Control: public, max-age=0, no-cache
Link: <https://acme-staging-v02.api.letsencrypt.org/directory>;rel="index"
Location: https://acme-staging-v02.api.letsencrypt.org/acme/order/280643183/35691281883
Replay-Nonce: knttWhhqgM9oDKa9ElxVVKN9FdnDp60-7hugL88NCpUwV4YsKJw
X-Frame-Options: DENY
Strict-Transport-Security: max-age=604800

{
  "status": "pending",
  "expires": "2026-04-13T06:57:12Z",
  "identifiers": [
    {
      "type": "dns",
      "value": "truenorthinsurancesolutions.com"
    },
    {
      "type": "dns",
      "value": "www.truenorthinsurancesolutions.com"
    }
  ],
  "authorizations": [
    "https://acme-staging-v02.api.letsencrypt.org/acme/authz/280643183/391989833",
    "https://acme-staging-v02.api.letsencrypt.org/acme/authz/280643183/391989843"
  ],
  "finalize": "https://acme-staging-v02.api.letsencrypt.org/acme/finalize/280643183/35691281883"
}
2026-04-06 06:57:12,939:DEBUG:acme.client:Storing nonce: knttWhhqgM9oDKa9ElxVVKN9FdnDp60-7hugL88NCpUwV4YsKJw
2026-04-06 06:57:12,939:DEBUG:acme.client:JWS payload:
b''
2026-04-06 06:57:12,940:DEBUG:acme.client:Sending POST request to https://acme-staging-v02.api.letsencrypt.org/acme/authz/280643183/391989833:
{
  "protected": "eyJhbGciOiAiUlMyNTYiLCAia2lkIjogImh0dHBzOi8vYWNtZS1zdGFnaW5nLXYwMi5hcGkubGV0c2VuY3J5cHQub3JnL2FjbWUvYWNjdC8yODA2NDMxODMiLCAibm9uY2UiOiAia250dFdoaHFnTTlvREthOUVseFZWS045RmRuRHA2MC03aHVnTDg4TkNwVXdWNFlzS0p3IiwgInVybCI6ICJodHRwczovL2FjbWUtc3RhZ2luZy12MDIuYXBpLmxldHNlbmNyeXB0Lm9yZy9hY21lL2F1dGh6LzI4MDY0MzE4My8zOTE5ODk4MzMifQ",
  "signature": "DDwzchXpXuESEgzucxaPqHZbOQoOJKPdB7x7Obw8mmvutySQFYuBbNAE5DfEyizshRycVXaXPD0r4pQcB-8jgp36eTMRL8W3OhWnz_GSlR_H9_A8vvUEt-SS8uY0zvI7OER_QMeohYVHdJAiBWKyeWGh0PVPHwzcqWGO6dt4PLDmUn2vP8kMvMIY_s_MqAl8JMfbXU6JdUZazhWUkojSc7T_kw4zJQGlYw2ixMxOo24FR-pzi6YOk_qLmOHUSCKt8fyDZDB2SiDKHNorWG0LLUFurSfpGdrg4SrFzpolBsnWf9nRrnL_lL_eMsP1Zdv-bm68_fcycUy8GQRRLBlR-Q",
  "payload": ""
}
2026-04-06 06:57:12,965:DEBUG:urllib3.connectionpool:https://acme-staging-v02.api.letsencrypt.org:443 "POST /acme/authz/280643183/391989833 HTTP/1.1" 200 1087
2026-04-06 06:57:12,965:DEBUG:acme.client:Received response:
HTTP 200
Server: nginx
Date: Mon, 06 Apr 2026 06:57:12 GMT
Content-Type: application/json
Content-Length: 1087
Connection: keep-alive
Boulder-Requester: 280643183
Cache-Control: public, max-age=0, no-cache
Link: <https://acme-staging-v02.api.letsencrypt.org/directory>;rel="index"
Replay-Nonce: knttWhhqCyLTKTi6zTHU61DDZaQc-HhwiBAtC9qR_iJngDKsV9I
X-Frame-Options: DENY
Strict-Transport-Security: max-age=604800

{
  "identifier": {
    "type": "dns",
    "value": "truenorthinsurancesolutions.com"
  },
  "status": "pending",
  "expires": "2026-04-13T06:57:12Z",
  "challenges": [
    {
      "type": "http-01",
      "url": "https://acme-staging-v02.api.letsencrypt.org/acme/chall/280643183/391989833/r_p4ZQ",
      "status": "pending",
      "token": "H265NDjMnBgvqU4y51WAzt_mcnmUppyuNCa6xkgfhdg"
    },
    {
      "type": "dns-persist-01",
      "url": "https://acme-staging-v02.api.letsencrypt.org/acme/chall/280643183/391989833/-OfaKg",
      "status": "pending",
      "issuer-domain-names": [
        "letsencrypt.org"
      ]
    },
    {
      "type": "tls-alpn-01",
      "url": "https://acme-staging-v02.api.letsencrypt.org/acme/chall/280643183/391989833/Z_XI1g",
      "status": "pending",
      "token": "H265NDjMnBgvqU4y51WAzt_mcnmUppyuNCa6xkgfhdg"
    },
    {
      "type": "dns-01",
      "url": "https://acme-staging-v02.api.letsencrypt.org/acme/chall/280643183/391989833/p-ksKA",
      "status": "pending",
      "token": "H265NDjMnBgvqU4y51WAzt_mcnmUppyuNCa6xkgfhdg"
    }
  ]
}
2026-04-06 06:57:12,965:DEBUG:acme.client:Storing nonce: knttWhhqCyLTKTi6zTHU61DDZaQc-HhwiBAtC9qR_iJngDKsV9I
2026-04-06 06:57:12,965:DEBUG:acme.challenges:dns-persist-01 was not recognized, full message: {'type': 'dns-persist-01', 'url': 'https://acme-staging-v02.api.letsencrypt.org/acme/chall/280643183/391989833/-OfaKg', 'status': 'pending', 'issuer-domain-names': ['letsencrypt.org']}
2026-04-06 06:57:12,965:DEBUG:acme.client:JWS payload:
b''
2026-04-06 06:57:12,967:DEBUG:acme.client:Sending POST request to https://acme-staging-v02.api.letsencrypt.org/acme/authz/280643183/391989843:
{
  "protected": "eyJhbGciOiAiUlMyNTYiLCAia2lkIjogImh0dHBzOi8vYWNtZS1zdGFnaW5nLXYwMi5hcGkubGV0c2VuY3J5cHQub3JnL2FjbWUvYWNjdC8yODA2NDMxODMiLCAibm9uY2UiOiAia250dFdoaHFDeUxUS1RpNnpUSFU2MUREWmFRYy1IaHdpQkF0QzlxUl9pSm5nREtzVjlJIiwgInVybCI6ICJodHRwczovL2FjbWUtc3RhZ2luZy12MDIuYXBpLmxldHNlbmNyeXB0Lm9yZy9hY21lL2F1dGh6LzI4MDY0MzE4My8zOTE5ODk4NDMifQ",
  "signature": "Z3dwvrB1sNiEmFv-I4YDxCv_6pVOqKyr9sUMCYkY5CZQH-WkQ0KFy8S49CWvglGNbADFhINH57AIwbiVG5uiA-Y8XujtFR8WJdldL6jCjm7GuCawJjKFz-7Y3Sww5kZ1xoRbjlk8XQSq4atTtVhcHLwLPo04s9SXBIs5cK4pxdAMqWxiCKuniDZcl5GqL32_79FpxwR1jHLrlWbMHbzbFFPZ4jXcf1KceAYjOZPlx6AUnJbxGrTHdzw8ttvtLXlMCl3yXWhGTaXspCdOjBOKOqlsf9qiXxFB7Uyb5KnNset66vvC59_EQEY9opHJ45Ajisyfg0wHaIGLj5WBGXTxvA",
  "payload": ""
}
2026-04-06 06:57:12,991:DEBUG:urllib3.connectionpool:https://acme-staging-v02.api.letsencrypt.org:443 "POST /acme/authz/280643183/391989843 HTTP/1.1" 200 1091
2026-04-06 06:57:12,992:DEBUG:acme.client:Received response:
HTTP 200
Server: nginx
Date: Mon, 06 Apr 2026 06:57:12 GMT
Content-Type: application/json
Content-Length: 1091
Connection: keep-alive
Boulder-Requester: 280643183
Cache-Control: public, max-age=0, no-cache
Link: <https://acme-staging-v02.api.letsencrypt.org/directory>;rel="index"
Replay-Nonce: knttWhhqjeSB7hXOsV7z9SovuhLW7Bg1CGBIITX0z4LL2egpUF8
X-Frame-Options: DENY
Strict-Transport-Security: max-age=604800

{
  "identifier": {
    "type": "dns",
    "value": "www.truenorthinsurancesolutions.com"
  },
  "status": "pending",
  "expires": "2026-04-13T06:57:12Z",
  "challenges": [
    {
      "type": "dns-persist-01",
      "url": "https://acme-staging-v02.api.letsencrypt.org/acme/chall/280643183/391989843/ij1plA",
      "status": "pending",
      "issuer-domain-names": [
        "letsencrypt.org"
      ]
    },
    {
      "type": "tls-alpn-01",
      "url": "https://acme-staging-v02.api.letsencrypt.org/acme/chall/280643183/391989843/GnWZyw",
      "status": "pending",
      "token": "MtEfEHSvbj_Cn9kCQgg5wWmnJrE0lnfFs6kq2-LSrEI"
    },
    {
      "type": "http-01",
      "url": "https://acme-staging-v02.api.letsencrypt.org/acme/chall/280643183/391989843/ZYdFXw",
      "status": "pending",
      "token": "MtEfEHSvbj_Cn9kCQgg5wWmnJrE0lnfFs6kq2-LSrEI"
    },
    {
      "type": "dns-01",
      "url": "https://acme-staging-v02.api.letsencrypt.org/acme/chall/280643183/391989843/EG-Q3w",
      "status": "pending",
      "token": "MtEfEHSvbj_Cn9kCQgg5wWmnJrE0lnfFs6kq2-LSrEI"
    }
  ]
}
2026-04-06 06:57:12,992:DEBUG:acme.client:Storing nonce: knttWhhqjeSB7hXOsV7z9SovuhLW7Bg1CGBIITX0z4LL2egpUF8
2026-04-06 06:57:12,992:DEBUG:acme.challenges:dns-persist-01 was not recognized, full message: {'type': 'dns-persist-01', 'url': 'https://acme-staging-v02.api.letsencrypt.org/acme/chall/280643183/391989843/ij1plA', 'status': 'pending', 'issuer-domain-names': ['letsencrypt.org']}
2026-04-06 06:57:12,992:INFO:certbot._internal.auth_handler:Performing the following challenges:
2026-04-06 06:57:12,992:INFO:certbot._internal.auth_handler:http-01 challenge for truenorthinsurancesolutions.com
2026-04-06 06:57:12,992:INFO:certbot._internal.auth_handler:http-01 challenge for www.truenorthinsurancesolutions.com
2026-04-06 06:57:12,993:INFO:certbot._internal.plugins.webroot:Using the webroot path /var/www/truenorthinsurancesolutions.com for all unmatched domains.
2026-04-06 06:57:12,993:DEBUG:certbot._internal.plugins.webroot:Creating root challenges validation dir at /var/www/truenorthinsurancesolutions.com/.well-known/acme-challenge
2026-04-06 06:57:12,993:DEBUG:certbot._internal.plugins.webroot:Creating root challenges validation dir at /var/www/truenorthinsurancesolutions.com/.well-known/acme-challenge
2026-04-06 06:57:12,994:DEBUG:certbot._internal.plugins.webroot:Attempting to save validation to /var/www/truenorthinsurancesolutions.com/.well-known/acme-challenge/H265NDjMnBgvqU4y51WAzt_mcnmUppyuNCa6xkgfhdg
2026-04-06 06:57:12,995:DEBUG:certbot._internal.plugins.webroot:Attempting to save validation to /var/www/truenorthinsurancesolutions.com/.well-known/acme-challenge/MtEfEHSvbj_Cn9kCQgg5wWmnJrE0lnfFs6kq2-LSrEI
2026-04-06 06:57:12,995:DEBUG:acme.client:JWS payload:
b'{}'
2026-04-06 06:57:12,996:DEBUG:acme.client:Sending POST request to https://acme-staging-v02.api.letsencrypt.org/acme/chall/280643183/391989833/r_p4ZQ:
{
  "protected": "eyJhbGciOiAiUlMyNTYiLCAia2lkIjogImh0dHBzOi8vYWNtZS1zdGFnaW5nLXYwMi5hcGkubGV0c2VuY3J5cHQub3JnL2FjbWUvYWNjdC8yODA2NDMxODMiLCAibm9uY2UiOiAia250dFdoaHFqZVNCN2hYT3NWN3o5U292dWhMVzdCZzFDR0JJSVRYMHo0TEwyZWdwVUY4IiwgInVybCI6ICJodHRwczovL2FjbWUtc3RhZ2luZy12MDIuYXBpLmxldHNlbmNyeXB0Lm9yZy9hY21lL2NoYWxsLzI4MDY0MzE4My8zOTE5ODk4MzMvcl9wNFpRIn0",
  "signature": "F6AYpE41jyAbZduu1gIuxOBuOPgWDaaQT77vTgiYLOoCcrie8whzXGWi1dBK4-vCwLvbkcCKWj7C5VHan73vPAUPM4NxZQ8MpYPkxt6qUwG5V8lAzyHE9YDd0_niHTPLBOSPHMz0UpZ0YbEqZ_DpfUTbQDdsh2egqNyB-kNqHf6UmJ3jEyMhm8XPIJdz01E2aUNUChLjB_5YPlhcYzFvu0Se94Y5hl97oNbIPW0-RuAoukPKXID12DRAWbfganXz2F3-rOVv8JMVYbppjA1urH0AcRT8o3IFEi4pV-NyKSH6BFxeRcO0faEPu6MgTB2kNEvO9fAAQA5xFsaYBEowBw",
  "payload": "e30"
}
2026-04-06 06:57:13,023:DEBUG:urllib3.connectionpool:https://acme-staging-v02.api.letsencrypt.org:443 "POST /acme/chall/280643183/391989833/r_p4ZQ HTTP/1.1" 200 199
2026-04-06 06:57:13,023:DEBUG:acme.client:Received response:
HTTP 200
Server: nginx
Date: Mon, 06 Apr 2026 06:57:13 GMT
Content-Type: application/json
Content-Length: 199
Connection: keep-alive
Boulder-Requester: 280643183
Cache-Control: public, max-age=0, no-cache
Link: <https://acme-staging-v02.api.letsencrypt.org/directory>;rel="index", <https://acme-staging-v02.api.letsencrypt.org/acme/authz/280643183/391989833>;rel="up"
Location: https://acme-staging-v02.api.letsencrypt.org/acme/chall/280643183/391989833/r_p4ZQ
Replay-Nonce: knttWhhqsdni99J-S5Rwwju0j6-dMpaJBDvayKlTjlkAGColP5I
X-Frame-Options: DENY
Strict-Transport-Security: max-age=604800

{
  "type": "http-01",
  "url": "https://acme-staging-v02.api.letsencrypt.org/acme/chall/280643183/391989833/r_p4ZQ",
  "status": "pending",
  "token": "H265NDjMnBgvqU4y51WAzt_mcnmUppyuNCa6xkgfhdg"
}
2026-04-06 06:57:13,023:DEBUG:acme.client:Storing nonce: knttWhhqsdni99J-S5Rwwju0j6-dMpaJBDvayKlTjlkAGColP5I
2026-04-06 06:57:13,024:DEBUG:acme.client:JWS payload:
b'{}'
2026-04-06 06:57:13,028:DEBUG:acme.client:Sending POST request to https://acme-staging-v02.api.letsencrypt.org/acme/chall/280643183/391989843/ZYdFXw:
{
  "protected": "eyJhbGciOiAiUlMyNTYiLCAia2lkIjogImh0dHBzOi8vYWNtZS1zdGFnaW5nLXYwMi5hcGkubGV0c2VuY3J5cHQub3JnL2FjbWUvYWNjdC8yODA2NDMxODMiLCAibm9uY2UiOiAia250dFdoaHFzZG5pOTlKLVM1Und3anUwajYtZE1wYUpCRHZheUtsVGpsa0FHQ29sUDVJIiwgInVybCI6ICJodHRwczovL2FjbWUtc3RhZ2luZy12MDIuYXBpLmxldHNlbmNyeXB0Lm9yZy9hY21lL2NoYWxsLzI4MDY0MzE4My8zOTE5ODk4NDMvWllkRlh3In0",
  "signature": "Niwf8D5tkmSfcHszGFdyy2ONvZCZ1xWKUYblhzQfHqXV6_Ibc7yggKV70K0xcLfJY4WFlfzQwRq-pbn0FYOahDAYpLOwwtTV5jiB7P9TByvVBODh4f4AWPb_pjnXJNaGVCs-iMNGL6d1aePhjuyCmqoL-ZooyyP8izC358IBobzwcvRVuPUe09ak57B3D4oQaOnG1sTAj4SqoCK5rL7F_dXC4JNqKFaPa5b4XIPbJPTOgZP4we9meEc-AR4etts3qY346Hh6mcC7RtQ3uabwAx3eI7jADhK1tiPN3e87o_DZJQj5LS16jhVY6gw47Uuz4-p938oH9_c4TxnW4qTNAw",
  "payload": "e30"
}
2026-04-06 06:57:13,055:DEBUG:urllib3.connectionpool:https://acme-staging-v02.api.letsencrypt.org:443 "POST /acme/chall/280643183/391989843/ZYdFXw HTTP/1.1" 200 199
2026-04-06 06:57:13,055:DEBUG:acme.client:Received response:
HTTP 200
Server: nginx
Date: Mon, 06 Apr 2026 06:57:13 GMT
Content-Type: application/json
Content-Length: 199
Connection: keep-alive
Boulder-Requester: 280643183
Cache-Control: public, max-age=0, no-cache
Link: <https://acme-staging-v02.api.letsencrypt.org/directory>;rel="index", <https://acme-staging-v02.api.letsencrypt.org/acme/authz/280643183/391989843>;rel="up"
Location: https://acme-staging-v02.api.letsencrypt.org/acme/chall/280643183/391989843/ZYdFXw
Replay-Nonce: nPBsNanhHCAdxNc66XO_k68cdj1a0JYezYkYM1R7DN-Zf-qGwsM
X-Frame-Options: DENY
Strict-Transport-Security: max-age=604800

{
  "type": "http-01",
  "url": "https://acme-staging-v02.api.letsencrypt.org/acme/chall/280643183/391989843/ZYdFXw",
  "status": "pending",
  "token": "MtEfEHSvbj_Cn9kCQgg5wWmnJrE0lnfFs6kq2-LSrEI"
}
2026-04-06 06:57:13,055:DEBUG:acme.client:Storing nonce: nPBsNanhHCAdxNc66XO_k68cdj1a0JYezYkYM1R7DN-Zf-qGwsM
2026-04-06 06:57:13,056:INFO:certbot._internal.auth_handler:Waiting for verification...
2026-04-06 06:57:14,056:DEBUG:acme.client:JWS payload:
b''
2026-04-06 06:57:14,059:DEBUG:acme.client:Sending POST request to https://acme-staging-v02.api.letsencrypt.org/acme/authz/280643183/391989833:
{
  "protected": "eyJhbGciOiAiUlMyNTYiLCAia2lkIjogImh0dHBzOi8vYWNtZS1zdGFnaW5nLXYwMi5hcGkubGV0c2VuY3J5cHQub3JnL2FjbWUvYWNjdC8yODA2NDMxODMiLCAibm9uY2UiOiAiblBCc05hbmhIQ0FkeE5jNjZYT19rNjhjZGoxYTBKWWV6WWtZTTFSN0ROLVpmLXFHd3NNIiwgInVybCI6ICJodHRwczovL2FjbWUtc3RhZ2luZy12MDIuYXBpLmxldHNlbmNyeXB0Lm9yZy9hY21lL2F1dGh6LzI4MDY0MzE4My8zOTE5ODk4MzMifQ",
  "signature": "Cqa4WLlC2Ms53HM5veJ2CB8EC_KUvXHCcLjnbvXYnuIcpZGdY0dBL2kH1iv-QpQxhicvsO4XesigwomQvhS_BN7Pj247JOXe6EysRHSMmGnI_ccNa2D9d02OEZQeccFU_Y1OGwBrfVQQzgDi4aqbwg3ERpGA4S1a0F7gvW4hkwn9nmKKvHLxrXXg6OYa4Kx7rvlR_pTdyhTeT_nzVR5QG0OTu2LyqcG4_-8nkWsGohHIyUHlyZ4B0_ZhxPNgI8JJ3lkVpkYq63TeZnrBfhpU0NiSmYdaw1q4ybdFy2mZb1XZP33733Dj1mrB21dj6ZfoRDwt7rFEjs4q6_A9E0fEcw",
  "payload": ""
}
2026-04-06 06:57:14,084:DEBUG:urllib3.connectionpool:https://acme-staging-v02.api.letsencrypt.org:443 "POST /acme/authz/280643183/391989833 HTTP/1.1" 200 820
2026-04-06 06:57:14,085:DEBUG:acme.client:Received response:
HTTP 200
Server: nginx
Date: Mon, 06 Apr 2026 06:57:14 GMT
Content-Type: application/json
Content-Length: 820
Connection: keep-alive
Boulder-Requester: 280643183
Cache-Control: public, max-age=0, no-cache
Link: <https://acme-staging-v02.api.letsencrypt.org/directory>;rel="index"
Replay-Nonce: knttWhhqvoMNs_8duDjH2cXoMi-VGU9jPPWnI2-ztpf4PEJOzCY
X-Frame-Options: DENY
Strict-Transport-Security: max-age=604800

{
  "identifier": {
    "type": "dns",
    "value": "truenorthinsurancesolutions.com"
  },
  "status": "valid",
  "expires": "2026-05-06T06:57:13Z",
  "challenges": [
    {
      "type": "http-01",
      "url": "https://acme-staging-v02.api.letsencrypt.org/acme/chall/280643183/391989833/r_p4ZQ",
      "status": "valid",
      "validated": "2026-04-06T06:57:13Z",
      "token": "H265NDjMnBgvqU4y51WAzt_mcnmUppyuNCa6xkgfhdg",
      "validationRecord": [
        {
          "url": "http://truenorthinsurancesolutions.com/.well-known/acme-challenge/H265NDjMnBgvqU4y51WAzt_mcnmUppyuNCa6xkgfhdg",
          "hostname": "truenorthinsurancesolutions.com",
          "port": "80",
          "addressesResolved": [
            "74.207.240.74"
          ],
          "addressUsed": "74.207.240.74"
        }
      ]
    }
  ]
}
2026-04-06 06:57:14,085:DEBUG:acme.client:Storing nonce: knttWhhqvoMNs_8duDjH2cXoMi-VGU9jPPWnI2-ztpf4PEJOzCY
2026-04-06 06:57:14,085:DEBUG:acme.client:JWS payload:
b''
2026-04-06 06:57:14,086:DEBUG:acme.client:Sending POST request to https://acme-staging-v02.api.letsencrypt.org/acme/authz/280643183/391989843:
{
  "protected": "eyJhbGciOiAiUlMyNTYiLCAia2lkIjogImh0dHBzOi8vYWNtZS1zdGFnaW5nLXYwMi5hcGkubGV0c2VuY3J5cHQub3JnL2FjbWUvYWNjdC8yODA2NDMxODMiLCAibm9uY2UiOiAia250dFdoaHF2b01Oc184ZHVEakgyY1hvTWktVkdVOWpQUFduSTItenRwZjRQRUpPekNZIiwgInVybCI6ICJodHRwczovL2FjbWUtc3RhZ2luZy12MDIuYXBpLmxldHNlbmNyeXB0Lm9yZy9hY21lL2F1dGh6LzI4MDY0MzE4My8zOTE5ODk4NDMifQ",
  "signature": "RysKAS8CD557k6v77_TZzmMAQtUJMSQkIRicgS09xQvJZNXFTqtUFuFoNGgYJDF7m1zCOxbp-2_ScuKZvlw79_OzlkKGC1UiqrvErJ8tOW3d5oXiY5uh3VgSOEH5RuJkgKAt7yMa5tv7Ho-06Qb9uLFs9D20YKpvep9LLQ0RczsByxXM7aVSdZxfrHndzPgwsp2gaBQrEG3fomokeakCt_yhTwIpV7okRsSJvS3Etupg4pFFjDVnGanP8b3s-JJdwfz2ZYBndGjEav5rLIyw_9ChzPahbICv04yZNRIpWlqZShC0H_HAfbF73fSviwv7l7pL8f2GZZNkvx8EXw7Fcg",
  "payload": ""
}
2026-04-06 06:57:14,111:DEBUG:urllib3.connectionpool:https://acme-staging-v02.api.letsencrypt.org:443 "POST /acme/authz/280643183/391989843 HTTP/1.1" 200 832
2026-04-06 06:57:14,111:DEBUG:acme.client:Received response:
HTTP 200
Server: nginx
Date: Mon, 06 Apr 2026 06:57:14 GMT
Content-Type: application/json
Content-Length: 832
Connection: keep-alive
Boulder-Requester: 280643183
Cache-Control: public, max-age=0, no-cache
Link: <https://acme-staging-v02.api.letsencrypt.org/directory>;rel="index"
Replay-Nonce: knttWhhq8HGZa7I5_1e6oNbQp1J7sVliuNGGmnrAkVo3YFwbNvo
X-Frame-Options: DENY
Strict-Transport-Security: max-age=604800

{
  "identifier": {
    "type": "dns",
    "value": "www.truenorthinsurancesolutions.com"
  },
  "status": "valid",
  "expires": "2026-05-06T06:57:13Z",
  "challenges": [
    {
      "type": "http-01",
      "url": "https://acme-staging-v02.api.letsencrypt.org/acme/chall/280643183/391989843/ZYdFXw",
      "status": "valid",
      "validated": "2026-04-06T06:57:13Z",
      "token": "MtEfEHSvbj_Cn9kCQgg5wWmnJrE0lnfFs6kq2-LSrEI",
      "validationRecord": [
        {
          "url": "http://www.truenorthinsurancesolutions.com/.well-known/acme-challenge/MtEfEHSvbj_Cn9kCQgg5wWmnJrE0lnfFs6kq2-LSrEI",
          "hostname": "www.truenorthinsurancesolutions.com",
          "port": "80",
          "addressesResolved": [
            "74.207.240.74"
          ],
          "addressUsed": "74.207.240.74"
        }
      ]
    }
  ]
}
2026-04-06 06:57:14,111:DEBUG:acme.client:Storing nonce: knttWhhq8HGZa7I5_1e6oNbQp1J7sVliuNGGmnrAkVo3YFwbNvo
2026-04-06 06:57:14,112:DEBUG:certbot._internal.error_handler:Calling registered functions
2026-04-06 06:57:14,112:INFO:certbot._internal.auth_handler:Cleaning up challenges
2026-04-06 06:57:14,112:DEBUG:certbot._internal.plugins.webroot:Removing /var/www/truenorthinsurancesolutions.com/.well-known/acme-challenge/H265NDjMnBgvqU4y51WAzt_mcnmUppyuNCa6xkgfhdg
2026-04-06 06:57:14,112:DEBUG:certbot._internal.plugins.webroot:Removing /var/www/truenorthinsurancesolutions.com/.well-known/acme-challenge/MtEfEHSvbj_Cn9kCQgg5wWmnJrE0lnfFs6kq2-LSrEI
2026-04-06 06:57:14,112:DEBUG:certbot._internal.plugins.webroot:All challenges cleaned up
2026-04-06 06:57:14,112:DEBUG:certbot._internal.client:CSR: CSR(file=None, data=b'-----BEGIN CERTIFICATE REQUEST-----\nMIIBHDCBxAIBADAAMFkwEwYHKoZIzj0CAQYIKoZIzj0DAQcDQgAEsygRMHXHz37E\nJiBL1RStNoxU4OOqqfWOEsBMwhZgVWm0wvyXreOTkrpQS/18bz9Bi3GT78y2J9JU\n/D7bGp9b96BiMGAGCSqGSIb3DQEJDjFTMFEwTwYDVR0RBEgwRoIfdHJ1ZW5vcnRo\naW5zdXJhbmNlc29sdXRpb25zLmNvbYIjd3d3LnRydWVub3J0aGluc3VyYW5jZXNv\nbHV0aW9ucy5jb20wCgYIKoZIzj0EAwIDRwAwRAIgAfaINK2Ts6DWIl1v0ZuVtRp5\nzL1KfcHxzF0g5A8MOKgCIH648ImDY79Q0EDxwOLci6S0OBy+WYmFNR2CwFTrBOuK\n-----END CERTIFICATE REQUEST-----\n', form='pem')
2026-04-06 06:57:14,112:DEBUG:certbot._internal.client:Will poll for certificate issuance until 2026-04-06 06:58:44.112941
2026-04-06 06:57:14,113:DEBUG:acme.client:JWS payload:
b'{\n  "csr": "MIIBHDCBxAIBADAAMFkwEwYHKoZIzj0CAQYIKoZIzj0DAQcDQgAEsygRMHXHz37EJiBL1RStNoxU4OOqqfWOEsBMwhZgVWm0wvyXreOTkrpQS_18bz9Bi3GT78y2J9JU_D7bGp9b96BiMGAGCSqGSIb3DQEJDjFTMFEwTwYDVR0RBEgwRoIfdHJ1ZW5vcnRoaW5zdXJhbmNlc29sdXRpb25zLmNvbYIjd3d3LnRydWVub3J0aGluc3VyYW5jZXNvbHV0aW9ucy5jb20wCgYIKoZIzj0EAwIDRwAwRAIgAfaINK2Ts6DWIl1v0ZuVtRp5zL1KfcHxzF0g5A8MOKgCIH648ImDY79Q0EDxwOLci6S0OBy-WYmFNR2CwFTrBOuK"\n}'
2026-04-06 06:57:14,114:DEBUG:acme.client:Sending POST request to https://acme-staging-v02.api.letsencrypt.org/acme/finalize/280643183/35691281883:
{
  "protected": "eyJhbGciOiAiUlMyNTYiLCAia2lkIjogImh0dHBzOi8vYWNtZS1zdGFnaW5nLXYwMi5hcGkubGV0c2VuY3J5cHQub3JnL2FjbWUvYWNjdC8yODA2NDMxODMiLCAibm9uY2UiOiAia250dFdoaHE4SEdaYTdJNV8xZTZvTmJRcDFKN3NWbGl1TkdHbW5yQWtWbzNZRndiTnZvIiwgInVybCI6ICJodHRwczovL2FjbWUtc3RhZ2luZy12MDIuYXBpLmxldHNlbmNyeXB0Lm9yZy9hY21lL2ZpbmFsaXplLzI4MDY0MzE4My8zNTY5MTI4MTg4MyJ9",
  "signature": "PbKlq25m3ihM81dmuy4F_ZuI6uXFtXFFiJ0AqrxcOiymlotONldWNLmsawGMcDAJSG3pqdIppuzom7X_VYV3y-TLUO0d5YnXn6bKJtSjBoGGbpEWulksOYdnz9PMSy3QwWJwtcofM4cy4Lz96slZcYtVOp4K2z2PIvGHwgcuO3kjvFrN1oIWzyyPPRrLsu0bOr52-ftnTsqcQ45IkMXjGILYrw_flyeYVQHcYjd4GG1fbf_XtB9AFlccLhMpBKZ9b8TX57_qROFD2dt1kJhBWC3Fl5yc1tQJA2QvYwJeiiTUVc9Dh_MeZr5CnukAm2Tfc-QkUpw6k0gwaBvGr7si7g",
  "payload": "ewogICJjc3IiOiAiTUlJQkhEQ0J4QUlCQURBQU1Ga3dFd1lIS29aSXpqMENBUVlJS29aSXpqMERBUWNEUWdBRXN5Z1JNSFhIejM3RUppQkwxUlN0Tm94VTRPT3FxZldPRXNCTXdoWmdWV20wd3Z5WHJlT1RrcnBRU18xOGJ6OUJpM0dUNzh5Mko5SlVfRDdiR3A5Yjk2QmlNR0FHQ1NxR1NJYjNEUUVKRGpGVE1GRXdUd1lEVlIwUkJFZ3dSb0lmZEhKMVpXNXZjblJvYVc1emRYSmhibU5sYzI5c2RYUnBiMjV6TG1OdmJZSWpkM2QzTG5SeWRXVnViM0owYUdsdWMzVnlZVzVqWlhOdmJIVjBhVzl1Y3k1amIyMHdDZ1lJS29aSXpqMEVBd0lEUndBd1JBSWdBZmFJTksyVHM2RFdJbDF2MFp1VnRScDV6TDFLZmNIeHpGMGc1QThNT0tnQ0lINjQ4SW1EWTc5UTBFRHh3T0xjaTZTME9CeS1XWW1GTlIyQ3dGVHJCT3VLIgp9"
}
2026-04-06 06:57:14,143:DEBUG:urllib3.connectionpool:https://acme-staging-v02.api.letsencrypt.org:443 "POST /acme/finalize/280643183/35691281883 HTTP/1.1" 200 548
2026-04-06 06:57:14,144:DEBUG:acme.client:Received response:
HTTP 200
Server: nginx
Date: Mon, 06 Apr 2026 06:57:14 GMT
Content-Type: application/json
Content-Length: 548
Connection: keep-alive
Boulder-Requester: 280643183
Cache-Control: public, max-age=0, no-cache
Link: <https://acme-staging-v02.api.letsencrypt.org/directory>;rel="index"
Location: https://acme-staging-v02.api.letsencrypt.org/acme/order/280643183/35691281883
Replay-Nonce: knttWhhq1bc4ucNKCs81GzJxRfL3JlKU3wtpynZ3XQIaGm6aBhE
Retry-After: 3
X-Frame-Options: DENY
Strict-Transport-Security: max-age=604800

{
  "status": "processing",
  "expires": "2026-04-13T06:57:12Z",
  "identifiers": [
    {
      "type": "dns",
      "value": "truenorthinsurancesolutions.com"
    },
    {
      "type": "dns",
      "value": "www.truenorthinsurancesolutions.com"
    }
  ],
  "authorizations": [
    "https://acme-staging-v02.api.letsencrypt.org/acme/authz/280643183/391989833",
    "https://acme-staging-v02.api.letsencrypt.org/acme/authz/280643183/391989843"
  ],
  "finalize": "https://acme-staging-v02.api.letsencrypt.org/acme/finalize/280643183/35691281883"
}
2026-04-06 06:57:14,144:DEBUG:acme.client:Storing nonce: knttWhhq1bc4ucNKCs81GzJxRfL3JlKU3wtpynZ3XQIaGm6aBhE
2026-04-06 06:57:15,144:DEBUG:acme.client:JWS payload:
b''
2026-04-06 06:57:15,146:DEBUG:acme.client:Sending POST request to https://acme-staging-v02.api.letsencrypt.org/acme/order/280643183/35691281883:
{
  "protected": "eyJhbGciOiAiUlMyNTYiLCAia2lkIjogImh0dHBzOi8vYWNtZS1zdGFnaW5nLXYwMi5hcGkubGV0c2VuY3J5cHQub3JnL2FjbWUvYWNjdC8yODA2NDMxODMiLCAibm9uY2UiOiAia250dFdoaHExYmM0dWNOS0NzODFHekp4UmZMM0psS1Uzd3RweW5aM1hRSWFHbTZhQmhFIiwgInVybCI6ICJodHRwczovL2FjbWUtc3RhZ2luZy12MDIuYXBpLmxldHNlbmNyeXB0Lm9yZy9hY21lL29yZGVyLzI4MDY0MzE4My8zNTY5MTI4MTg4MyJ9",
  "signature": "WZWuLp183zhiAGxta-KKgWqVs651_S7F6hh6CS3Q4Z01KDfFQ8-M6HoCtb1MPlxAZnBNToxqf5EnIyt7NNSWbskMVCWTfW_PNtKb04PRNjFAghxfxr2A8JqgLKL-g3nDJJRiro2DrQBlduhGVGlt5ZHMkdla_-QJf5VqRiEkmoMjRML4tbQ9GZxzfrAWPMYuI9SxBWvwC2COf29gymCOLBwgCVYT4Kl74PkUV2hLCmo1kLXH2RDXNTTPbuLyTtjUsCn1LJIpa4AqXtYCpM-5V6iHIR-CRy_VG6_SDPHeBoMxx4VMks5hJ77LE6BwySCRh5W4XcG21DjKHmUX4VTPdw",
  "payload": ""
}
2026-04-06 06:57:15,171:DEBUG:urllib3.connectionpool:https://acme-staging-v02.api.letsencrypt.org:443 "POST /acme/order/280643183/35691281883 HTTP/1.1" 200 655
2026-04-06 06:57:15,172:DEBUG:acme.client:Received response:
HTTP 200
Server: nginx
Date: Mon, 06 Apr 2026 06:57:15 GMT
Content-Type: application/json
Content-Length: 655
Connection: keep-alive
Cache-Control: public, max-age=0, no-cache
Link: <https://acme-staging-v02.api.letsencrypt.org/directory>;rel="index"
Location: https://acme-staging-v02.api.letsencrypt.org/acme/order/280643183/35691281883
Replay-Nonce: nPBsNanhMQOaPk5Iq9xd3u7ls2qfq3Nx9ri2QQup0SfgmZf0m3E
X-Frame-Options: DENY
Strict-Transport-Security: max-age=604800

{
  "status": "valid",
  "expires": "2026-04-13T06:57:12Z",
  "identifiers": [
    {
      "type": "dns",
      "value": "truenorthinsurancesolutions.com"
    },
    {
      "type": "dns",
      "value": "www.truenorthinsurancesolutions.com"
    }
  ],
  "authorizations": [
    "https://acme-staging-v02.api.letsencrypt.org/acme/authz/280643183/391989833",
    "https://acme-staging-v02.api.letsencrypt.org/acme/authz/280643183/391989843"
  ],
  "finalize": "https://acme-staging-v02.api.letsencrypt.org/acme/finalize/280643183/35691281883",
  "certificate": "https://acme-staging-v02.api.letsencrypt.org/acme/cert/2cec63710c46f5ae9d36627faa2cdaa3e375"
}
2026-04-06 06:57:15,172:DEBUG:acme.client:Storing nonce: nPBsNanhMQOaPk5Iq9xd3u7ls2qfq3Nx9ri2QQup0SfgmZf0m3E
2026-04-06 06:57:15,172:DEBUG:acme.client:JWS payload:
b''
2026-04-06 06:57:15,173:DEBUG:acme.client:Sending POST request to https://acme-staging-v02.api.letsencrypt.org/acme/cert/2cec63710c46f5ae9d36627faa2cdaa3e375:
{
  "protected": "eyJhbGciOiAiUlMyNTYiLCAia2lkIjogImh0dHBzOi8vYWNtZS1zdGFnaW5nLXYwMi5hcGkubGV0c2VuY3J5cHQub3JnL2FjbWUvYWNjdC8yODA2NDMxODMiLCAibm9uY2UiOiAiblBCc05hbmhNUU9hUGs1SXE5eGQzdTdsczJxZnEzTng5cmkyUVF1cDBTZmdtWmYwbTNFIiwgInVybCI6ICJodHRwczovL2FjbWUtc3RhZ2luZy12MDIuYXBpLmxldHNlbmNyeXB0Lm9yZy9hY21lL2NlcnQvMmNlYzYzNzEwYzQ2ZjVhZTlkMzY2MjdmYWEyY2RhYTNlMzc1In0",
  "signature": "P3RAwKyVp3Ind9TiaU4qwDU9qR8bkg2hyN5f_z0AFIUyDRlPV_oLE-yB_8sf6kOPm14mwOC_5FEoQJjigf6LrerZIHd93UJtqIgNf2X8y6ajHS1WwNPfGaxUfoOaVAUEop0LWxKzDsd_VV1kYBcx-XpgP3lNykmkF5PcCm9rH8lsTqZ4q3M5loSlm6Xc6uhVjR9xQnN9td9Vb_OSWVdiDaudvGs8ToT9CJb2VTi-yK4jky7cd0IGUOxQK1vGRuaLXyifO7zcTlP_RYRxLjNxwezFHMGpfHzsClxs7nm62Cjo2alqwgQoEP7vVq09CGrcKPc-MZZP19h4g0tEwqWkkw",
  "payload": ""
}
2026-04-06 06:57:15,200:DEBUG:urllib3.connectionpool:https://acme-staging-v02.api.letsencrypt.org:443 "POST /acme/cert/2cec63710c46f5ae9d36627faa2cdaa3e375 HTTP/1.1" 200 3104
2026-04-06 06:57:15,200:DEBUG:acme.client:Received response:
HTTP 200
Server: nginx
Date: Mon, 06 Apr 2026 06:57:15 GMT
Content-Type: application/pem-certificate-chain
Content-Length: 3104
Connection: keep-alive
Cache-Control: public, max-age=0, no-cache
Link: <https://acme-staging-v02.api.letsencrypt.org/directory>;rel="index", <https://acme-staging-v02.api.letsencrypt.org/acme/cert/2cec63710c46f5ae9d36627faa2cdaa3e375/1>;rel="alternate"
Replay-Nonce: knttWhhqrRko9IBtfTHrW98EfvJzEMwyxAwMUPLqHEI2MlSb-m8
X-Frame-Options: DENY
Strict-Transport-Security: max-age=604800

-----BEGIN CERTIFICATE-----
MIID/DCCA4KgAwIBAgISLOxjcQxG9a6dNmJ/qizao+N1MAoGCCqGSM49BAMDMFcx
CzAJBgNVBAYTAlVTMSAwHgYDVQQKExcoU1RBR0lORykgTGV0J3MgRW5jcnlwdDEm
MCQGA1UEAxMdKFNUQUdJTkcpIFB1enpsaW5nIFBhcnNuaXAgRTcwHhcNMjYwNDA2
MDU1ODQ0WhcNMjYwNzA1MDU1ODQzWjAqMSgwJgYDVQQDEx90cnVlbm9ydGhpbnN1
cmFuY2Vzb2x1dGlvbnMuY29tMFkwEwYHKoZIzj0CAQYIKoZIzj0DAQcDQgAEsygR
MHXHz37EJiBL1RStNoxU4OOqqfWOEsBMwhZgVWm0wvyXreOTkrpQS/18bz9Bi3GT
78y2J9JU/D7bGp9b96OCAlkwggJVMA4GA1UdDwEB/wQEAwIHgDATBgNVHSUEDDAK
BggrBgEFBQcDATAMBgNVHRMBAf8EAjAAMB0GA1UdDgQWBBRb7nosgJLgzDWOqowt
OeDi4PndyjAfBgNVHSMEGDAWgBSkD5QLRGNqmamg2YxmQ7FP3LAsRjA2BggrBgEF
BQcBAQQqMCgwJgYIKwYBBQUHMAKGGmh0dHA6Ly9zdGctZTcuaS5sZW5jci5vcmcv
ME8GA1UdEQRIMEaCH3RydWVub3J0aGluc3VyYW5jZXNvbHV0aW9ucy5jb22CI3d3
dy50cnVlbm9ydGhpbnN1cmFuY2Vzb2x1dGlvbnMuY29tMBMGA1UdIAQMMAowCAYG
Z4EMAQIBMDIGA1UdHwQrMCkwJ6AloCOGIWh0dHA6Ly9zdGctZTcuYy5sZW5jci5v
cmcvMTE4LmNybDCCAQwGCisGAQQB1nkCBAIEgf0EgfoA+AB2ACh2GhiQJ/vvPNDW
GgGNdrBQVynHp0EbzL32BPRdQmFTAAABnWGUyeAAAAQDAEcwRQIgUv4W2fQsjzoS
LODUh9Y18m8eU5HumQN/hfd1oj6d0EkCIQDdhBNRkNL/BDrHpzPZWMUiYKOfIz+u
wtN+svUR+tgfQAB+AMZ9gZ6TwSz6619loE0I2uMKjlwn+30VHO98R+LVyx3tAAAB
nWGUylEACAAABQAQRyNxBAMARzBFAiAauCdyV1gfiDxC4usihkxbMjVrWkySe+Vz
nNDtkkqvfgIhAJmP2DDr22H1WYLtuVEPhs9k0mmdlqpWanRvaoMxXnRoMAoGCCqG
SM49BAMDA2gAMGUCMH42jptJ2jUarkp+ONHmB9lNebE1J6vNQkKWMdVv0VCnZK7W
gYOAhJz5tVyP03dSkAIxAJDgFidJVYOLX8REgQtRuROf7RHIqwteIRO4MCov1iXC
pBw1lNIYGGxszYsJ1aKL2w==
-----END CERTIFICATE-----

-----BEGIN CERTIFICATE-----
MIIEmzCCAoOgAwIBAgIQR1zhS092VJ8XK2pNm/t1gDANBgkqhkiG9w0BAQsFADBm
MQswCQYDVQQGEwJVUzEzMDEGA1UEChMqKFNUQUdJTkcpIEludGVybmV0IFNlY3Vy
aXR5IFJlc2VhcmNoIEdyb3VwMSIwIAYDVQQDExkoU1RBR0lORykgUHJldGVuZCBQ
ZWFyIFgxMB4XDTI0MDMxMzAwMDAwMFoXDTI3MDMxMjIzNTk1OVowVzELMAkGA1UE
BhMCVVMxIDAeBgNVBAoTFyhTVEFHSU5HKSBMZXQncyBFbmNyeXB0MSYwJAYDVQQD
Ex0oU1RBR0lORykgUHV6emxpbmcgUGFyc25pcCBFNzB2MBAGByqGSM49AgEGBSuB
BAAiA2IABHu5ddBGjP6Ky/vtPVXikXyYxd8+ua+vISFBc3hJ1Iz/zme8T3C7BQsc
U3WslRgVeI6c2CpEn2pB+5xb2PRVY8u8RoyrtKV7Q0gcUbQ5bMHYJc1Zubn4tcWt
+tAkzx5JoqOCAQAwgf0wDgYDVR0PAQH/BAQDAgGGMB0GA1UdJQQWMBQGCCsGAQUF
BwMCBggrBgEFBQcDATASBgNVHRMBAf8ECDAGAQH/AgEAMB0GA1UdDgQWBBSkD5QL
RGNqmamg2YxmQ7FP3LAsRjAfBgNVHSMEGDAWgBS182Xy/rAKkh/7PH3zRKCsYyXD
FDA2BggrBgEFBQcBAQQqMCgwJgYIKwYBBQUHMAKGGmh0dHA6Ly9zdGcteDEuaS5s
ZW5jci5vcmcvMBMGA1UdIAQMMAowCAYGZ4EMAQIBMCsGA1UdHwQkMCIwIKAeoByG
Gmh0dHA6Ly9zdGcteDEuYy5sZW5jci5vcmcvMA0GCSqGSIb3DQEBCwUAA4ICAQBk
ws0hFFdRM6HYbbeSV+sAX3qiH0GSQCAS3le8ZdEDw0vdLQUqNA8dYd4t2P0tjFg5
3ZVr8MFDQvP0zMyTAROT7SB4/8yG9QTWV9uQ4fMjwRh474EWvdXDMPVIw1W9FhiF
NatXQD9o6Dg3Q91puWUxMOwiux+XkpMRHpFQ/6kHC9O4whjYqvZOYZaRwg0aiAg4
SOnorJMeo2215nAsFWidfJF7WzfUQHRWsmSdJumUf6SSYl2hhB11nFTSHQG75uaG
qz27J/XSP+QiF0BBBR5iK7x2W7vOFG1UTFAredh7SAkJehlHfnNcrFLHGPvkRLb1
gW6BZH7tl2DB3auMuP5MdFytEq88HG83eerp4WRBZ8RL+R3nXDo6fCv1SMr6mzA5
lsytrmDDuWSSRsn/rSkx78h+JtDfBrAz+QAVYa7I49nKRLyhc9RjOGTGpZh2LLbi
Q09bTBIgSN14ZiCBbet8vH5c+PeDRZnBbSZrJn9Ju14m43Z1rmOOcd4VoG1wjD2X
Q3DrM3K1TMn6DWq7Ks1sb+XkoMVKqi++M4bip3PUxdNNfj+ekovaaK1JJsjEDgCp
f6V+ThZrDT72tmOYrus7oQXDglKZ2rJWON5LB/kK5Z9Nn7/uMShxuwxp5rwHf5zb
AQlfAKgotEgPQfmzftRHvTab4vAx+D2u8+NHlzitJg==
-----END CERTIFICATE-----

2026-04-06 06:57:15,201:DEBUG:acme.client:Storing nonce: knttWhhqrRko9IBtfTHrW98EfvJzEMwyxAwMUPLqHEI2MlSb-m8
2026-04-06 06:57:15,202:DEBUG:certbot._internal.renewal:Dry run: skipping updating lineage at /var/www/truenorthinsurancesolutions.com/ssl/config/live/truenorthinsurancesolutions.com
2026-04-06 06:57:15,202:INFO:certbot._internal.hooks:Dry run: skipping deploy hook command: systemctl reload apache2
2026-04-06 06:57:15,207:DEBUG:certbot._internal.updater:Skipping updaters in dry-run mode.
2026-04-06 06:57:15,207:DEBUG:certbot._internal.display.obj:Notifying user: 
- - - - - - - - - - - - - - - - - - - - - - - - - - - - - - - - - - - - - - - -
2026-04-06 06:57:15,208:DEBUG:certbot._internal.display.obj:Notifying user: Congratulations, all simulated renewals succeeded: 
2026-04-06 06:57:15,208:DEBUG:certbot._internal.display.obj:Notifying user:   /var/www/truenorthinsurancesolutions.com/ssl/config/live/truenorthinsurancesolutions.com/fullchain.pem (success)
2026-04-06 06:57:15,208:DEBUG:certbot._internal.display.obj:Notifying user: - - - - - - - - - - - - - - - - - - - - - - - - - - - - - - - - - - - - - - - -
2026-04-06 06:57:15,208:DEBUG:certbot._internal.renewal:no renewal failures
2026-04-06 15:17:01,387:DEBUG:certbot._internal.main:certbot version: 2.9.0
2026-04-06 15:17:01,388:DEBUG:certbot._internal.main:Location of certbot entry point: /usr/bin/certbot
2026-04-06 15:17:01,388:DEBUG:certbot._internal.main:Arguments: ['--cert-name', 'truenorthinsurancesolutions.com', '--config-dir', '/var/www/truenorthinsurancesolutions.com/ssl/config', '--work-dir', '/var/www/truenorthinsurancesolutions.com/ssl/work', '--logs-dir', '/var/www/truenorthinsurancesolutions.com/ssl/logs', '--quiet', '--deploy-hook', 'systemctl reload apache2']
2026-04-06 15:17:01,388:DEBUG:certbot._internal.main:Discovered plugins: PluginsRegistry(PluginEntryPoint#apache,PluginEntryPoint#manual,PluginEntryPoint#null,PluginEntryPoint#standalone,PluginEntryPoint#webroot)
2026-04-06 15:17:01,395:DEBUG:certbot._internal.log:Root logging level set at 40
2026-04-06 15:17:01,396:DEBUG:certbot._internal.display.obj:Notifying user: Processing
/var/www/truenorthinsurancesolutions.com/ssl/config/renewal/truenorthinsurancesolutions.com.conf
2026-04-06 15:17:01,397:DEBUG:certbot.configuration:Var config_dir=/var/www/truenorthinsurancesolutions.com/ssl/config (set by user).
2026-04-06 15:17:01,398:DEBUG:certbot.configuration:Var logs_dir=/var/www/truenorthinsurancesolutions.com/ssl/logs (set by user).
2026-04-06 15:17:01,398:DEBUG:certbot.configuration:Var work_dir=/var/www/truenorthinsurancesolutions.com/ssl/work (set by user).
2026-04-06 15:17:01,398:DEBUG:certbot._internal.plugins.selection:Requested authenticator None and installer None
2026-04-06 15:17:01,419:INFO:certbot.ocsp:Cannot extract OCSP URI from /var/www/truenorthinsurancesolutions.com/ssl/config/archive/truenorthinsurancesolutions.com/cert1.pem
2026-04-06 15:17:01,422:DEBUG:certbot._internal.display.obj:Notifying user: Certificate not yet due for renewal
2026-04-06 15:17:01,423:DEBUG:certbot._internal.plugins.selection:Requested authenticator webroot and installer None
2026-04-06 15:17:01,423:DEBUG:certbot._internal.display.obj:Notifying user: 
- - - - - - - - - - - - - - - - - - - - - - - - - - - - - - - - - - - - - - - -
2026-04-06 15:17:01,423:DEBUG:certbot._internal.display.obj:Notifying user: The following certificates are not due for renewal yet:
2026-04-06 15:17:01,423:DEBUG:certbot._internal.display.obj:Notifying user:   /var/www/truenorthinsurancesolutions.com/ssl/config/live/truenorthinsurancesolutions.com/fullchain.pem expires on 2026-07-05 (skipped)
2026-04-06 15:17:01,423:DEBUG:certbot._internal.display.obj:Notifying user: No renewals were attempted.
2026-04-06 15:17:01,423:DEBUG:certbot._internal.display.obj:Notifying user: No hooks were run.
2026-04-06 15:17:01,424:DEBUG:certbot._internal.display.obj:Notifying user: - - - - - - - - - - - - - - - - - - - - - - - - - - - - - - - - - - - - - - - -
2026-04-06 15:17:01,424:DEBUG:certbot._internal.renewal:no renewal failures
2026-04-07 03:17:02,422:DEBUG:certbot._internal.main:certbot version: 2.9.0
2026-04-07 03:17:02,422:DEBUG:certbot._internal.main:Location of certbot entry point: /usr/bin/certbot
2026-04-07 03:17:02,422:DEBUG:certbot._internal.main:Arguments: ['--cert-name', 'truenorthinsurancesolutions.com', '--config-dir', '/var/www/truenorthinsurancesolutions.com/ssl/config', '--work-dir', '/var/www/truenorthinsurancesolutions.com/ssl/work', '--logs-dir', '/var/www/truenorthinsurancesolutions.com/ssl/logs', '--quiet', '--deploy-hook', 'systemctl reload apache2']
2026-04-07 03:17:02,422:DEBUG:certbot._internal.main:Discovered plugins: PluginsRegistry(PluginEntryPoint#apache,PluginEntryPoint#manual,PluginEntryPoint#null,PluginEntryPoint#standalone,PluginEntryPoint#webroot)
2026-04-07 03:17:02,429:DEBUG:certbot._internal.log:Root logging level set at 40
2026-04-07 03:17:02,430:DEBUG:certbot._internal.display.obj:Notifying user: Processing
/var/www/truenorthinsurancesolutions.com/ssl/config/renewal/truenorthinsurancesolutions.com.conf
2026-04-07 03:17:02,432:DEBUG:certbot.configuration:Var config_dir=/var/www/truenorthinsurancesolutions.com/ssl/config (set by user).
2026-04-07 03:17:02,432:DEBUG:certbot.configuration:Var logs_dir=/var/www/truenorthinsurancesolutions.com/ssl/logs (set by user).
2026-04-07 03:17:02,432:DEBUG:certbot.configuration:Var work_dir=/var/www/truenorthinsurancesolutions.com/ssl/work (set by user).
2026-04-07 03:17:02,432:DEBUG:certbot._internal.plugins.selection:Requested authenticator None and installer None
2026-04-07 03:17:02,455:INFO:certbot.ocsp:Cannot extract OCSP URI from /var/www/truenorthinsurancesolutions.com/ssl/config/archive/truenorthinsurancesolutions.com/cert1.pem
2026-04-07 03:17:02,458:DEBUG:certbot._internal.display.obj:Notifying user: Certificate not yet due for renewal
2026-04-07 03:17:02,458:DEBUG:certbot._internal.plugins.selection:Requested authenticator webroot and installer None
2026-04-07 03:17:02,459:DEBUG:certbot._internal.display.obj:Notifying user: 
- - - - - - - - - - - - - - - - - - - - - - - - - - - - - - - - - - - - - - - -
2026-04-07 03:17:02,459:DEBUG:certbot._internal.display.obj:Notifying user: The following certificates are not due for renewal yet:
2026-04-07 03:17:02,459:DEBUG:certbot._internal.display.obj:Notifying user:   /var/www/truenorthinsurancesolutions.com/ssl/config/live/truenorthinsurancesolutions.com/fullchain.pem expires on 2026-07-05 (skipped)
2026-04-07 03:17:02,459:DEBUG:certbot._internal.display.obj:Notifying user: No renewals were attempted.
2026-04-07 03:17:02,459:DEBUG:certbot._internal.display.obj:Notifying user: No hooks were run.
2026-04-07 03:17:02,459:DEBUG:certbot._internal.display.obj:Notifying user: - - - - - - - - - - - - - - - - - - - - - - - - - - - - - - - - - - - - - - - -
2026-04-07 03:17:02,459:DEBUG:certbot._internal.renewal:no renewal failures
2026-04-07 15:17:01,930:DEBUG:certbot._internal.main:certbot version: 2.9.0
2026-04-07 15:17:01,931:DEBUG:certbot._internal.main:Location of certbot entry point: /usr/bin/certbot
2026-04-07 15:17:01,931:DEBUG:certbot._internal.main:Arguments: ['--cert-name', 'truenorthinsurancesolutions.com', '--config-dir', '/var/www/truenorthinsurancesolutions.com/ssl/config', '--work-dir', '/var/www/truenorthinsurancesolutions.com/ssl/work', '--logs-dir', '/var/www/truenorthinsurancesolutions.com/ssl/logs', '--quiet', '--deploy-hook', 'systemctl reload apache2']
2026-04-07 15:17:01,931:DEBUG:certbot._internal.main:Discovered plugins: PluginsRegistry(PluginEntryPoint#apache,PluginEntryPoint#manual,PluginEntryPoint#null,PluginEntryPoint#standalone,PluginEntryPoint#webroot)
2026-04-07 15:17:01,938:DEBUG:certbot._internal.log:Root logging level set at 40
2026-04-07 15:17:01,940:DEBUG:certbot._internal.display.obj:Notifying user: Processing
/var/www/truenorthinsurancesolutions.com/ssl/config/renewal/truenorthinsurancesolutions.com.conf
2026-04-07 15:17:01,941:DEBUG:certbot.configuration:Var config_dir=/var/www/truenorthinsurancesolutions.com/ssl/config (set by user).
2026-04-07 15:17:01,941:DEBUG:certbot.configuration:Var logs_dir=/var/www/truenorthinsurancesolutions.com/ssl/logs (set by user).
2026-04-07 15:17:01,941:DEBUG:certbot.configuration:Var work_dir=/var/www/truenorthinsurancesolutions.com/ssl/work (set by user).
2026-04-07 15:17:01,942:DEBUG:certbot._internal.plugins.selection:Requested authenticator None and installer None
2026-04-07 15:17:01,971:INFO:certbot.ocsp:Cannot extract OCSP URI from /var/www/truenorthinsurancesolutions.com/ssl/config/archive/truenorthinsurancesolutions.com/cert1.pem
2026-04-07 15:17:01,975:DEBUG:certbot._internal.display.obj:Notifying user: Certificate not yet due for renewal
2026-04-07 15:17:01,976:DEBUG:certbot._internal.plugins.selection:Requested authenticator webroot and installer None
2026-04-07 15:17:01,976:DEBUG:certbot._internal.display.obj:Notifying user: 
- - - - - - - - - - - - - - - - - - - - - - - - - - - - - - - - - - - - - - - -
2026-04-07 15:17:01,976:DEBUG:certbot._internal.display.obj:Notifying user: The following certificates are not due for renewal yet:
2026-04-07 15:17:01,976:DEBUG:certbot._internal.display.obj:Notifying user:   /var/www/truenorthinsurancesolutions.com/ssl/config/live/truenorthinsurancesolutions.com/fullchain.pem expires on 2026-07-05 (skipped)
2026-04-07 15:17:01,976:DEBUG:certbot._internal.display.obj:Notifying user: No renewals were attempted.
2026-04-07 15:17:01,976:DEBUG:certbot._internal.display.obj:Notifying user: No hooks were run.
2026-04-07 15:17:01,976:DEBUG:certbot._internal.display.obj:Notifying user: - - - - - - - - - - - - - - - - - - - - - - - - - - - - - - - - - - - - - - - -
2026-04-07 15:17:01,976:DEBUG:certbot._internal.renewal:no renewal failures
2026-04-08 03:22:17,670:DEBUG:certbot._internal.main:certbot version: 2.9.0
2026-04-08 03:22:17,670:DEBUG:certbot._internal.main:Location of certbot entry point: /usr/bin/certbot
2026-04-08 03:22:17,670:DEBUG:certbot._internal.main:Arguments: ['--cert-name', 'truenorthinsurancesolutions.com', '--config-dir', '/var/www/truenorthinsurancesolutions.com/ssl/config', '--work-dir', '/var/www/truenorthinsurancesolutions.com/ssl/work', '--logs-dir', '/var/www/truenorthinsurancesolutions.com/ssl/logs', '--quiet', '--deploy-hook', 'systemctl reload apache2']
2026-04-08 03:22:17,670:DEBUG:certbot._internal.main:Discovered plugins: PluginsRegistry(PluginEntryPoint#apache,PluginEntryPoint#manual,PluginEntryPoint#null,PluginEntryPoint#standalone,PluginEntryPoint#webroot)
2026-04-08 03:22:17,679:DEBUG:certbot._internal.log:Root logging level set at 40
2026-04-08 03:22:17,680:DEBUG:certbot._internal.display.obj:Notifying user: Processing
/var/www/truenorthinsurancesolutions.com/ssl/config/renewal/truenorthinsurancesolutions.com.conf
2026-04-08 03:22:17,682:DEBUG:certbot.configuration:Var config_dir=/var/www/truenorthinsurancesolutions.com/ssl/config (set by user).
2026-04-08 03:22:17,682:DEBUG:certbot.configuration:Var logs_dir=/var/www/truenorthinsurancesolutions.com/ssl/logs (set by user).
2026-04-08 03:22:17,682:DEBUG:certbot.configuration:Var work_dir=/var/www/truenorthinsurancesolutions.com/ssl/work (set by user).
2026-04-08 03:22:17,682:DEBUG:certbot._internal.plugins.selection:Requested authenticator None and installer None
2026-04-08 03:22:17,708:INFO:certbot.ocsp:Cannot extract OCSP URI from /var/www/truenorthinsurancesolutions.com/ssl/config/archive/truenorthinsurancesolutions.com/cert1.pem
2026-04-08 03:22:17,711:DEBUG:certbot._internal.display.obj:Notifying user: Certificate not yet due for renewal
2026-04-08 03:22:17,712:DEBUG:certbot._internal.plugins.selection:Requested authenticator webroot and installer None
2026-04-08 03:22:17,712:DEBUG:certbot._internal.display.obj:Notifying user: 
- - - - - - - - - - - - - - - - - - - - - - - - - - - - - - - - - - - - - - - -
2026-04-08 03:22:17,712:DEBUG:certbot._internal.display.obj:Notifying user: The following certificates are not due for renewal yet:
2026-04-08 03:22:17,712:DEBUG:certbot._internal.display.obj:Notifying user:   /var/www/truenorthinsurancesolutions.com/ssl/config/live/truenorthinsurancesolutions.com/fullchain.pem expires on 2026-07-05 (skipped)
2026-04-08 03:22:17,712:DEBUG:certbot._internal.display.obj:Notifying user: No renewals were attempted.
2026-04-08 03:22:17,712:DEBUG:certbot._internal.display.obj:Notifying user: No hooks were run.
2026-04-08 03:22:17,712:DEBUG:certbot._internal.display.obj:Notifying user: - - - - - - - - - - - - - - - - - - - - - - - - - - - - - - - - - - - - - - - -
2026-04-08 03:22:17,712:DEBUG:certbot._internal.renewal:no renewal failures
2026-04-08 15:17:01,445:DEBUG:certbot._internal.main:certbot version: 2.9.0
2026-04-08 15:17:01,445:DEBUG:certbot._internal.main:Location of certbot entry point: /usr/bin/certbot
2026-04-08 15:17:01,445:DEBUG:certbot._internal.main:Arguments: ['--cert-name', 'truenorthinsurancesolutions.com', '--config-dir', '/var/www/truenorthinsurancesolutions.com/ssl/config', '--work-dir', '/var/www/truenorthinsurancesolutions.com/ssl/work', '--logs-dir', '/var/www/truenorthinsurancesolutions.com/ssl/logs', '--quiet', '--deploy-hook', 'systemctl reload apache2']
2026-04-08 15:17:01,445:DEBUG:certbot._internal.main:Discovered plugins: PluginsRegistry(PluginEntryPoint#apache,PluginEntryPoint#manual,PluginEntryPoint#null,PluginEntryPoint#standalone,PluginEntryPoint#webroot)
2026-04-08 15:17:01,453:DEBUG:certbot._internal.log:Root logging level set at 40
2026-04-08 15:17:01,454:DEBUG:certbot._internal.display.obj:Notifying user: Processing
/var/www/truenorthinsurancesolutions.com/ssl/config/renewal/truenorthinsurancesolutions.com.conf
2026-04-08 15:17:01,455:DEBUG:certbot.configuration:Var config_dir=/var/www/truenorthinsurancesolutions.com/ssl/config (set by user).
2026-04-08 15:17:01,455:DEBUG:certbot.configuration:Var logs_dir=/var/www/truenorthinsurancesolutions.com/ssl/logs (set by user).
2026-04-08 15:17:01,455:DEBUG:certbot.configuration:Var work_dir=/var/www/truenorthinsurancesolutions.com/ssl/work (set by user).
2026-04-08 15:17:01,455:DEBUG:certbot._internal.plugins.selection:Requested authenticator None and installer None
2026-04-08 15:17:01,475:INFO:certbot.ocsp:Cannot extract OCSP URI from /var/www/truenorthinsurancesolutions.com/ssl/config/archive/truenorthinsurancesolutions.com/cert1.pem
2026-04-08 15:17:01,481:DEBUG:certbot._internal.display.obj:Notifying user: Certificate not yet due for renewal
2026-04-08 15:17:01,482:DEBUG:certbot._internal.plugins.selection:Requested authenticator webroot and installer None
2026-04-08 15:17:01,482:DEBUG:certbot._internal.display.obj:Notifying user: 
- - - - - - - - - - - - - - - - - - - - - - - - - - - - - - - - - - - - - - - -
2026-04-08 15:17:01,482:DEBUG:certbot._internal.display.obj:Notifying user: The following certificates are not due for renewal yet:
2026-04-08 15:17:01,482:DEBUG:certbot._internal.display.obj:Notifying user:   /var/www/truenorthinsurancesolutions.com/ssl/config/live/truenorthinsurancesolutions.com/fullchain.pem expires on 2026-07-05 (skipped)
2026-04-08 15:17:01,482:DEBUG:certbot._internal.display.obj:Notifying user: No renewals were attempted.
2026-04-08 15:17:01,482:DEBUG:certbot._internal.display.obj:Notifying user: No hooks were run.
2026-04-08 15:17:01,483:DEBUG:certbot._internal.display.obj:Notifying user: - - - - - - - - - - - - - - - - - - - - - - - - - - - - - - - - - - - - - - - -
2026-04-08 15:17:01,483:DEBUG:certbot._internal.renewal:no renewal failures
2026-04-09 03:17:01,403:DEBUG:certbot._internal.main:certbot version: 2.9.0
2026-04-09 03:17:01,404:DEBUG:certbot._internal.main:Location of certbot entry point: /usr/bin/certbot
2026-04-09 03:17:01,404:DEBUG:certbot._internal.main:Arguments: ['--cert-name', 'truenorthinsurancesolutions.com', '--config-dir', '/var/www/truenorthinsurancesolutions.com/ssl/config', '--work-dir', '/var/www/truenorthinsurancesolutions.com/ssl/work', '--logs-dir', '/var/www/truenorthinsurancesolutions.com/ssl/logs', '--quiet', '--deploy-hook', 'systemctl reload apache2']
2026-04-09 03:17:01,404:DEBUG:certbot._internal.main:Discovered plugins: PluginsRegistry(PluginEntryPoint#apache,PluginEntryPoint#manual,PluginEntryPoint#null,PluginEntryPoint#standalone,PluginEntryPoint#webroot)
2026-04-09 03:17:01,410:DEBUG:certbot._internal.log:Root logging level set at 40
2026-04-09 03:17:01,411:DEBUG:certbot._internal.display.obj:Notifying user: Processing
/var/www/truenorthinsurancesolutions.com/ssl/config/renewal/truenorthinsurancesolutions.com.conf
2026-04-09 03:17:01,412:DEBUG:certbot.configuration:Var config_dir=/var/www/truenorthinsurancesolutions.com/ssl/config (set by user).
2026-04-09 03:17:01,412:DEBUG:certbot.configuration:Var logs_dir=/var/www/truenorthinsurancesolutions.com/ssl/logs (set by user).
2026-04-09 03:17:01,412:DEBUG:certbot.configuration:Var work_dir=/var/www/truenorthinsurancesolutions.com/ssl/work (set by user).
2026-04-09 03:17:01,412:DEBUG:certbot._internal.plugins.selection:Requested authenticator None and installer None
2026-04-09 03:17:01,430:INFO:certbot.ocsp:Cannot extract OCSP URI from /var/www/truenorthinsurancesolutions.com/ssl/config/archive/truenorthinsurancesolutions.com/cert1.pem
2026-04-09 03:17:01,433:DEBUG:certbot._internal.display.obj:Notifying user: Certificate not yet due for renewal
2026-04-09 03:17:01,434:DEBUG:certbot._internal.plugins.selection:Requested authenticator webroot and installer None
2026-04-09 03:17:01,434:DEBUG:certbot._internal.display.obj:Notifying user: 
- - - - - - - - - - - - - - - - - - - - - - - - - - - - - - - - - - - - - - - -
2026-04-09 03:17:01,434:DEBUG:certbot._internal.display.obj:Notifying user: The following certificates are not due for renewal yet:
2026-04-09 03:17:01,434:DEBUG:certbot._internal.display.obj:Notifying user:   /var/www/truenorthinsurancesolutions.com/ssl/config/live/truenorthinsurancesolutions.com/fullchain.pem expires on 2026-07-05 (skipped)
2026-04-09 03:17:01,434:DEBUG:certbot._internal.display.obj:Notifying user: No renewals were attempted.
2026-04-09 03:17:01,435:DEBUG:certbot._internal.display.obj:Notifying user: No hooks were run.
2026-04-09 03:17:01,435:DEBUG:certbot._internal.display.obj:Notifying user: - - - - - - - - - - - - - - - - - - - - - - - - - - - - - - - - - - - - - - - -
2026-04-09 03:17:01,435:DEBUG:certbot._internal.renewal:no renewal failures
2026-04-09 15:17:01,918:DEBUG:certbot._internal.main:certbot version: 2.9.0
2026-04-09 15:17:01,919:DEBUG:certbot._internal.main:Location of certbot entry point: /usr/bin/certbot
2026-04-09 15:17:01,919:DEBUG:certbot._internal.main:Arguments: ['--cert-name', 'truenorthinsurancesolutions.com', '--config-dir', '/var/www/truenorthinsurancesolutions.com/ssl/config', '--work-dir', '/var/www/truenorthinsurancesolutions.com/ssl/work', '--logs-dir', '/var/www/truenorthinsurancesolutions.com/ssl/logs', '--quiet', '--deploy-hook', 'systemctl reload apache2']
2026-04-09 15:17:01,919:DEBUG:certbot._internal.main:Discovered plugins: PluginsRegistry(PluginEntryPoint#apache,PluginEntryPoint#manual,PluginEntryPoint#null,PluginEntryPoint#standalone,PluginEntryPoint#webroot)
2026-04-09 15:17:01,927:DEBUG:certbot._internal.log:Root logging level set at 40
2026-04-09 15:17:01,928:DEBUG:certbot._internal.display.obj:Notifying user: Processing
/var/www/truenorthinsurancesolutions.com/ssl/config/renewal/truenorthinsurancesolutions.com.conf
2026-04-09 15:17:01,929:DEBUG:certbot.configuration:Var config_dir=/var/www/truenorthinsurancesolutions.com/ssl/config (set by user).
2026-04-09 15:17:01,929:DEBUG:certbot.configuration:Var logs_dir=/var/www/truenorthinsurancesolutions.com/ssl/logs (set by user).
2026-04-09 15:17:01,929:DEBUG:certbot.configuration:Var work_dir=/var/www/truenorthinsurancesolutions.com/ssl/work (set by user).
2026-04-09 15:17:01,929:DEBUG:certbot._internal.plugins.selection:Requested authenticator None and installer None
2026-04-09 15:17:01,957:INFO:certbot.ocsp:Cannot extract OCSP URI from /var/www/truenorthinsurancesolutions.com/ssl/config/archive/truenorthinsurancesolutions.com/cert1.pem
2026-04-09 15:17:01,962:DEBUG:certbot._internal.display.obj:Notifying user: Certificate not yet due for renewal
2026-04-09 15:17:01,962:DEBUG:certbot._internal.plugins.selection:Requested authenticator webroot and installer None
2026-04-09 15:17:01,962:DEBUG:certbot._internal.display.obj:Notifying user: 
- - - - - - - - - - - - - - - - - - - - - - - - - - - - - - - - - - - - - - - -
2026-04-09 15:17:01,962:DEBUG:certbot._internal.display.obj:Notifying user: The following certificates are not due for renewal yet:
2026-04-09 15:17:01,963:DEBUG:certbot._internal.display.obj:Notifying user:   /var/www/truenorthinsurancesolutions.com/ssl/config/live/truenorthinsurancesolutions.com/fullchain.pem expires on 2026-07-05 (skipped)
2026-04-09 15:17:01,963:DEBUG:certbot._internal.display.obj:Notifying user: No renewals were attempted.
2026-04-09 15:17:01,963:DEBUG:certbot._internal.display.obj:Notifying user: No hooks were run.
2026-04-09 15:17:01,963:DEBUG:certbot._internal.display.obj:Notifying user: - - - - - - - - - - - - - - - - - - - - - - - - - - - - - - - - - - - - - - - -
2026-04-09 15:17:01,963:DEBUG:certbot._internal.renewal:no renewal failures
2026-04-10 03:17:02,237:DEBUG:certbot._internal.main:certbot version: 2.9.0
2026-04-10 03:17:02,237:DEBUG:certbot._internal.main:Location of certbot entry point: /usr/bin/certbot
2026-04-10 03:17:02,237:DEBUG:certbot._internal.main:Arguments: ['--cert-name', 'truenorthinsurancesolutions.com', '--config-dir', '/var/www/truenorthinsurancesolutions.com/ssl/config', '--work-dir', '/var/www/truenorthinsurancesolutions.com/ssl/work', '--logs-dir', '/var/www/truenorthinsurancesolutions.com/ssl/logs', '--quiet', '--deploy-hook', 'systemctl reload apache2']
2026-04-10 03:17:02,237:DEBUG:certbot._internal.main:Discovered plugins: PluginsRegistry(PluginEntryPoint#apache,PluginEntryPoint#manual,PluginEntryPoint#null,PluginEntryPoint#standalone,PluginEntryPoint#webroot)
2026-04-10 03:17:02,245:DEBUG:certbot._internal.log:Root logging level set at 40
2026-04-10 03:17:02,246:DEBUG:certbot._internal.display.obj:Notifying user: Processing
/var/www/truenorthinsurancesolutions.com/ssl/config/renewal/truenorthinsurancesolutions.com.conf
2026-04-10 03:17:02,248:DEBUG:certbot.configuration:Var config_dir=/var/www/truenorthinsurancesolutions.com/ssl/config (set by user).
2026-04-10 03:17:02,248:DEBUG:certbot.configuration:Var logs_dir=/var/www/truenorthinsurancesolutions.com/ssl/logs (set by user).
2026-04-10 03:17:02,248:DEBUG:certbot.configuration:Var work_dir=/var/www/truenorthinsurancesolutions.com/ssl/work (set by user).
2026-04-10 03:17:02,248:DEBUG:certbot._internal.plugins.selection:Requested authenticator None and installer None
2026-04-10 03:17:02,272:INFO:certbot.ocsp:Cannot extract OCSP URI from /var/www/truenorthinsurancesolutions.com/ssl/config/archive/truenorthinsurancesolutions.com/cert1.pem
2026-04-10 03:17:02,276:DEBUG:certbot._internal.display.obj:Notifying user: Certificate not yet due for renewal
2026-04-10 03:17:02,276:DEBUG:certbot._internal.plugins.selection:Requested authenticator webroot and installer None
2026-04-10 03:17:02,276:DEBUG:certbot._internal.display.obj:Notifying user: 
- - - - - - - - - - - - - - - - - - - - - - - - - - - - - - - - - - - - - - - -
2026-04-10 03:17:02,276:DEBUG:certbot._internal.display.obj:Notifying user: The following certificates are not due for renewal yet:
2026-04-10 03:17:02,276:DEBUG:certbot._internal.display.obj:Notifying user:   /var/www/truenorthinsurancesolutions.com/ssl/config/live/truenorthinsurancesolutions.com/fullchain.pem expires on 2026-07-05 (skipped)
2026-04-10 03:17:02,276:DEBUG:certbot._internal.display.obj:Notifying user: No renewals were attempted.
2026-04-10 03:17:02,276:DEBUG:certbot._internal.display.obj:Notifying user: No hooks were run.
2026-04-10 03:17:02,276:DEBUG:certbot._internal.display.obj:Notifying user: - - - - - - - - - - - - - - - - - - - - - - - - - - - - - - - - - - - - - - - -
2026-04-10 03:17:02,276:DEBUG:certbot._internal.renewal:no renewal failures
2026-04-10 15:17:02,295:DEBUG:certbot._internal.main:certbot version: 2.9.0
2026-04-10 15:17:02,295:DEBUG:certbot._internal.main:Location of certbot entry point: /usr/bin/certbot
2026-04-10 15:17:02,295:DEBUG:certbot._internal.main:Arguments: ['--cert-name', 'truenorthinsurancesolutions.com', '--config-dir', '/var/www/truenorthinsurancesolutions.com/ssl/config', '--work-dir', '/var/www/truenorthinsurancesolutions.com/ssl/work', '--logs-dir', '/var/www/truenorthinsurancesolutions.com/ssl/logs', '--quiet', '--deploy-hook', 'systemctl reload apache2']
2026-04-10 15:17:02,295:DEBUG:certbot._internal.main:Discovered plugins: PluginsRegistry(PluginEntryPoint#apache,PluginEntryPoint#manual,PluginEntryPoint#null,PluginEntryPoint#standalone,PluginEntryPoint#webroot)
2026-04-10 15:17:02,305:DEBUG:certbot._internal.log:Root logging level set at 40
2026-04-10 15:17:02,306:DEBUG:certbot._internal.display.obj:Notifying user: Processing
/var/www/truenorthinsurancesolutions.com/ssl/config/renewal/truenorthinsurancesolutions.com.conf
2026-04-10 15:17:02,307:DEBUG:certbot.configuration:Var config_dir=/var/www/truenorthinsurancesolutions.com/ssl/config (set by user).
2026-04-10 15:17:02,307:DEBUG:certbot.configuration:Var logs_dir=/var/www/truenorthinsurancesolutions.com/ssl/logs (set by user).
2026-04-10 15:17:02,307:DEBUG:certbot.configuration:Var work_dir=/var/www/truenorthinsurancesolutions.com/ssl/work (set by user).
2026-04-10 15:17:02,307:DEBUG:certbot._internal.plugins.selection:Requested authenticator None and installer None
2026-04-10 15:17:02,340:INFO:certbot.ocsp:Cannot extract OCSP URI from /var/www/truenorthinsurancesolutions.com/ssl/config/archive/truenorthinsurancesolutions.com/cert1.pem
2026-04-10 15:17:02,345:DEBUG:certbot._internal.display.obj:Notifying user: Certificate not yet due for renewal
2026-04-10 15:17:02,346:DEBUG:certbot._internal.plugins.selection:Requested authenticator webroot and installer None
2026-04-10 15:17:02,346:DEBUG:certbot._internal.display.obj:Notifying user: 
- - - - - - - - - - - - - - - - - - - - - - - - - - - - - - - - - - - - - - - -
2026-04-10 15:17:02,347:DEBUG:certbot._internal.display.obj:Notifying user: The following certificates are not due for renewal yet:
2026-04-10 15:17:02,347:DEBUG:certbot._internal.display.obj:Notifying user:   /var/www/truenorthinsurancesolutions.com/ssl/config/live/truenorthinsurancesolutions.com/fullchain.pem expires on 2026-07-05 (skipped)
2026-04-10 15:17:02,347:DEBUG:certbot._internal.display.obj:Notifying user: No renewals were attempted.
2026-04-10 15:17:02,347:DEBUG:certbot._internal.display.obj:Notifying user: No hooks were run.
2026-04-10 15:17:02,347:DEBUG:certbot._internal.display.obj:Notifying user: - - - - - - - - - - - - - - - - - - - - - - - - - - - - - - - - - - - - - - - -
2026-04-10 15:17:02,347:DEBUG:certbot._internal.renewal:no renewal failures
2026-04-11 03:17:02,575:DEBUG:certbot._internal.main:certbot version: 2.9.0
2026-04-11 03:17:02,575:DEBUG:certbot._internal.main:Location of certbot entry point: /usr/bin/certbot
2026-04-11 03:17:02,575:DEBUG:certbot._internal.main:Arguments: ['--cert-name', 'truenorthinsurancesolutions.com', '--config-dir', '/var/www/truenorthinsurancesolutions.com/ssl/config', '--work-dir', '/var/www/truenorthinsurancesolutions.com/ssl/work', '--logs-dir', '/var/www/truenorthinsurancesolutions.com/ssl/logs', '--quiet', '--deploy-hook', 'systemctl reload apache2']
2026-04-11 03:17:02,575:DEBUG:certbot._internal.main:Discovered plugins: PluginsRegistry(PluginEntryPoint#apache,PluginEntryPoint#manual,PluginEntryPoint#null,PluginEntryPoint#standalone,PluginEntryPoint#webroot)
2026-04-11 03:17:02,582:DEBUG:certbot._internal.log:Root logging level set at 40
2026-04-11 03:17:02,583:DEBUG:certbot._internal.display.obj:Notifying user: Processing
/var/www/truenorthinsurancesolutions.com/ssl/config/renewal/truenorthinsurancesolutions.com.conf
2026-04-11 03:17:02,584:DEBUG:certbot.configuration:Var config_dir=/var/www/truenorthinsurancesolutions.com/ssl/config (set by user).
2026-04-11 03:17:02,584:DEBUG:certbot.configuration:Var logs_dir=/var/www/truenorthinsurancesolutions.com/ssl/logs (set by user).
2026-04-11 03:17:02,584:DEBUG:certbot.configuration:Var work_dir=/var/www/truenorthinsurancesolutions.com/ssl/work (set by user).
2026-04-11 03:17:02,584:DEBUG:certbot._internal.plugins.selection:Requested authenticator None and installer None
2026-04-11 03:17:02,608:INFO:certbot.ocsp:Cannot extract OCSP URI from /var/www/truenorthinsurancesolutions.com/ssl/config/archive/truenorthinsurancesolutions.com/cert1.pem
2026-04-11 03:17:02,611:DEBUG:certbot._internal.display.obj:Notifying user: Certificate not yet due for renewal
2026-04-11 03:17:02,612:DEBUG:certbot._internal.plugins.selection:Requested authenticator webroot and installer None
2026-04-11 03:17:02,612:DEBUG:certbot._internal.display.obj:Notifying user: 
- - - - - - - - - - - - - - - - - - - - - - - - - - - - - - - - - - - - - - - -
2026-04-11 03:17:02,612:DEBUG:certbot._internal.display.obj:Notifying user: The following certificates are not due for renewal yet:
2026-04-11 03:17:02,612:DEBUG:certbot._internal.display.obj:Notifying user:   /var/www/truenorthinsurancesolutions.com/ssl/config/live/truenorthinsurancesolutions.com/fullchain.pem expires on 2026-07-05 (skipped)
2026-04-11 03:17:02,612:DEBUG:certbot._internal.display.obj:Notifying user: No renewals were attempted.
2026-04-11 03:17:02,612:DEBUG:certbot._internal.display.obj:Notifying user: No hooks were run.
2026-04-11 03:17:02,612:DEBUG:certbot._internal.display.obj:Notifying user: - - - - - - - - - - - - - - - - - - - - - - - - - - - - - - - - - - - - - - - -
2026-04-11 03:17:02,612:DEBUG:certbot._internal.renewal:no renewal failures
2026-04-11 15:17:01,727:DEBUG:certbot._internal.main:certbot version: 2.9.0
2026-04-11 15:17:01,727:DEBUG:certbot._internal.main:Location of certbot entry point: /usr/bin/certbot
2026-04-11 15:17:01,727:DEBUG:certbot._internal.main:Arguments: ['--cert-name', 'truenorthinsurancesolutions.com', '--config-dir', '/var/www/truenorthinsurancesolutions.com/ssl/config', '--work-dir', '/var/www/truenorthinsurancesolutions.com/ssl/work', '--logs-dir', '/var/www/truenorthinsurancesolutions.com/ssl/logs', '--quiet', '--deploy-hook', 'systemctl reload apache2']
2026-04-11 15:17:01,727:DEBUG:certbot._internal.main:Discovered plugins: PluginsRegistry(PluginEntryPoint#apache,PluginEntryPoint#manual,PluginEntryPoint#null,PluginEntryPoint#standalone,PluginEntryPoint#webroot)
2026-04-11 15:17:01,735:DEBUG:certbot._internal.log:Root logging level set at 40
2026-04-11 15:17:01,736:DEBUG:certbot._internal.display.obj:Notifying user: Processing
/var/www/truenorthinsurancesolutions.com/ssl/config/renewal/truenorthinsurancesolutions.com.conf
2026-04-11 15:17:01,738:DEBUG:certbot.configuration:Var config_dir=/var/www/truenorthinsurancesolutions.com/ssl/config (set by user).
2026-04-11 15:17:01,738:DEBUG:certbot.configuration:Var logs_dir=/var/www/truenorthinsurancesolutions.com/ssl/logs (set by user).
2026-04-11 15:17:01,738:DEBUG:certbot.configuration:Var work_dir=/var/www/truenorthinsurancesolutions.com/ssl/work (set by user).
2026-04-11 15:17:01,738:DEBUG:certbot._internal.plugins.selection:Requested authenticator None and installer None
2026-04-11 15:17:01,757:INFO:certbot.ocsp:Cannot extract OCSP URI from /var/www/truenorthinsurancesolutions.com/ssl/config/archive/truenorthinsurancesolutions.com/cert1.pem
2026-04-11 15:17:01,760:DEBUG:certbot._internal.display.obj:Notifying user: Certificate not yet due for renewal
2026-04-11 15:17:01,761:DEBUG:certbot._internal.plugins.selection:Requested authenticator webroot and installer None
2026-04-11 15:17:01,761:DEBUG:certbot._internal.display.obj:Notifying user: 
- - - - - - - - - - - - - - - - - - - - - - - - - - - - - - - - - - - - - - - -
2026-04-11 15:17:01,761:DEBUG:certbot._internal.display.obj:Notifying user: The following certificates are not due for renewal yet:
2026-04-11 15:17:01,761:DEBUG:certbot._internal.display.obj:Notifying user:   /var/www/truenorthinsurancesolutions.com/ssl/config/live/truenorthinsurancesolutions.com/fullchain.pem expires on 2026-07-05 (skipped)
2026-04-11 15:17:01,761:DEBUG:certbot._internal.display.obj:Notifying user: No renewals were attempted.
2026-04-11 15:17:01,761:DEBUG:certbot._internal.display.obj:Notifying user: No hooks were run.
2026-04-11 15:17:01,761:DEBUG:certbot._internal.display.obj:Notifying user: - - - - - - - - - - - - - - - - - - - - - - - - - - - - - - - - - - - - - - - -
2026-04-11 15:17:01,761:DEBUG:certbot._internal.renewal:no renewal failures
2026-05-02 15:17:01,754:DEBUG:certbot._internal.main:certbot version: 2.9.0
2026-05-02 15:17:01,755:DEBUG:certbot._internal.main:Location of certbot entry point: /usr/bin/certbot
2026-05-02 15:17:01,755:DEBUG:certbot._internal.main:Arguments: ['--cert-name', 'truenorthinsurancesolutions.com', '--config-dir', '/var/www/truenorthinsurancesolutions.com/ssl/config', '--work-dir', '/var/www/truenorthinsurancesolutions.com/ssl/work', '--logs-dir', '/var/www/truenorthinsurancesolutions.com/ssl/logs', '--quiet', '--deploy-hook', 'systemctl reload apache2']
2026-05-02 15:17:01,755:DEBUG:certbot._internal.main:Discovered plugins: PluginsRegistry(PluginEntryPoint#apache,PluginEntryPoint#manual,PluginEntryPoint#null,PluginEntryPoint#standalone,PluginEntryPoint#webroot)
2026-05-02 15:17:01,763:DEBUG:certbot._internal.log:Root logging level set at 40
2026-05-02 15:17:01,764:DEBUG:certbot._internal.display.obj:Notifying user: Processing
/var/www/truenorthinsurancesolutions.com/ssl/config/renewal/truenorthinsurancesolutions.com.conf
2026-05-02 15:17:01,766:DEBUG:certbot.configuration:Var config_dir=/var/www/truenorthinsurancesolutions.com/ssl/config (set by user).
2026-05-02 15:17:01,766:DEBUG:certbot.configuration:Var logs_dir=/var/www/truenorthinsurancesolutions.com/ssl/logs (set by user).
2026-05-02 15:17:01,766:DEBUG:certbot.configuration:Var work_dir=/var/www/truenorthinsurancesolutions.com/ssl/work (set by user).
2026-05-02 15:17:01,766:DEBUG:certbot._internal.plugins.selection:Requested authenticator None and installer None
2026-05-02 15:17:01,792:INFO:certbot.ocsp:Cannot extract OCSP URI from /var/www/truenorthinsurancesolutions.com/ssl/config/archive/truenorthinsurancesolutions.com/cert1.pem
2026-05-02 15:17:01,795:DEBUG:certbot._internal.display.obj:Notifying user: Certificate not yet due for renewal
2026-05-02 15:17:01,796:DEBUG:certbot._internal.plugins.selection:Requested authenticator webroot and installer None
2026-05-02 15:17:01,796:DEBUG:certbot._internal.display.obj:Notifying user: 
- - - - - - - - - - - - - - - - - - - - - - - - - - - - - - - - - - - - - - - -
2026-05-02 15:17:01,796:DEBUG:certbot._internal.display.obj:Notifying user: The following certificates are not due for renewal yet:
2026-05-02 15:17:01,796:DEBUG:certbot._internal.display.obj:Notifying user:   /var/www/truenorthinsurancesolutions.com/ssl/config/live/truenorthinsurancesolutions.com/fullchain.pem expires on 2026-07-05 (skipped)
2026-05-02 15:17:01,796:DEBUG:certbot._internal.display.obj:Notifying user: No renewals were attempted.
2026-05-02 15:17:01,796:DEBUG:certbot._internal.display.obj:Notifying user: No hooks were run.
2026-05-02 15:17:01,796:DEBUG:certbot._internal.display.obj:Notifying user: - - - - - - - - - - - - - - - - - - - - - - - - - - - - - - - - - - - - - - - -
2026-05-02 15:17:01,796:DEBUG:certbot._internal.renewal:no renewal failures
2026-05-03 03:17:01,649:DEBUG:certbot._internal.main:certbot version: 2.9.0
2026-05-03 03:17:01,649:DEBUG:certbot._internal.main:Location of certbot entry point: /usr/bin/certbot
2026-05-03 03:17:01,649:DEBUG:certbot._internal.main:Arguments: ['--cert-name', 'truenorthinsurancesolutions.com', '--config-dir', '/var/www/truenorthinsurancesolutions.com/ssl/config', '--work-dir', '/var/www/truenorthinsurancesolutions.com/ssl/work', '--logs-dir', '/var/www/truenorthinsurancesolutions.com/ssl/logs', '--quiet', '--deploy-hook', 'systemctl reload apache2']
2026-05-03 03:17:01,650:DEBUG:certbot._internal.main:Discovered plugins: PluginsRegistry(PluginEntryPoint#apache,PluginEntryPoint#manual,PluginEntryPoint#null,PluginEntryPoint#standalone,PluginEntryPoint#webroot)
2026-05-03 03:17:01,656:DEBUG:certbot._internal.log:Root logging level set at 40
2026-05-03 03:17:01,656:DEBUG:certbot._internal.display.obj:Notifying user: Processing
/var/www/truenorthinsurancesolutions.com/ssl/config/renewal/truenorthinsurancesolutions.com.conf
2026-05-03 03:17:01,657:DEBUG:certbot.configuration:Var config_dir=/var/www/truenorthinsurancesolutions.com/ssl/config (set by user).
2026-05-03 03:17:01,657:DEBUG:certbot.configuration:Var logs_dir=/var/www/truenorthinsurancesolutions.com/ssl/logs (set by user).
2026-05-03 03:17:01,657:DEBUG:certbot.configuration:Var work_dir=/var/www/truenorthinsurancesolutions.com/ssl/work (set by user).
2026-05-03 03:17:01,657:DEBUG:certbot._internal.plugins.selection:Requested authenticator None and installer None
2026-05-03 03:17:01,679:INFO:certbot.ocsp:Cannot extract OCSP URI from /var/www/truenorthinsurancesolutions.com/ssl/config/archive/truenorthinsurancesolutions.com/cert1.pem
2026-05-03 03:17:01,682:DEBUG:certbot._internal.display.obj:Notifying user: Certificate not yet due for renewal
2026-05-03 03:17:01,682:DEBUG:certbot._internal.plugins.selection:Requested authenticator webroot and installer None
2026-05-03 03:17:01,683:DEBUG:certbot._internal.display.obj:Notifying user: 
- - - - - - - - - - - - - - - - - - - - - - - - - - - - - - - - - - - - - - - -
2026-05-03 03:17:01,683:DEBUG:certbot._internal.display.obj:Notifying user: The following certificates are not due for renewal yet:
2026-05-03 03:17:01,683:DEBUG:certbot._internal.display.obj:Notifying user:   /var/www/truenorthinsurancesolutions.com/ssl/config/live/truenorthinsurancesolutions.com/fullchain.pem expires on 2026-07-05 (skipped)
2026-05-03 03:17:01,683:DEBUG:certbot._internal.display.obj:Notifying user: No renewals were attempted.
2026-05-03 03:17:01,683:DEBUG:certbot._internal.display.obj:Notifying user: No hooks were run.
2026-05-03 03:17:01,683:DEBUG:certbot._internal.display.obj:Notifying user: - - - - - - - - - - - - - - - - - - - - - - - - - - - - - - - - - - - - - - - -
2026-05-03 03:17:01,683:DEBUG:certbot._internal.renewal:no renewal failures
2026-05-03 15:17:02,056:DEBUG:certbot._internal.main:certbot version: 2.9.0
2026-05-03 15:17:02,057:DEBUG:certbot._internal.main:Location of certbot entry point: /usr/bin/certbot
2026-05-03 15:17:02,057:DEBUG:certbot._internal.main:Arguments: ['--cert-name', 'truenorthinsurancesolutions.com', '--config-dir', '/var/www/truenorthinsurancesolutions.com/ssl/config', '--work-dir', '/var/www/truenorthinsurancesolutions.com/ssl/work', '--logs-dir', '/var/www/truenorthinsurancesolutions.com/ssl/logs', '--quiet', '--deploy-hook', 'systemctl reload apache2']
2026-05-03 15:17:02,057:DEBUG:certbot._internal.main:Discovered plugins: PluginsRegistry(PluginEntryPoint#apache,PluginEntryPoint#manual,PluginEntryPoint#null,PluginEntryPoint#standalone,PluginEntryPoint#webroot)
2026-05-03 15:17:02,063:DEBUG:certbot._internal.log:Root logging level set at 40
2026-05-03 15:17:02,063:DEBUG:certbot._internal.display.obj:Notifying user: Processing
/var/www/truenorthinsurancesolutions.com/ssl/config/renewal/truenorthinsurancesolutions.com.conf
2026-05-03 15:17:02,064:DEBUG:certbot.configuration:Var config_dir=/var/www/truenorthinsurancesolutions.com/ssl/config (set by user).
2026-05-03 15:17:02,064:DEBUG:certbot.configuration:Var logs_dir=/var/www/truenorthinsurancesolutions.com/ssl/logs (set by user).
2026-05-03 15:17:02,064:DEBUG:certbot.configuration:Var work_dir=/var/www/truenorthinsurancesolutions.com/ssl/work (set by user).
2026-05-03 15:17:02,064:DEBUG:certbot._internal.plugins.selection:Requested authenticator None and installer None
2026-05-03 15:17:02,083:INFO:certbot.ocsp:Cannot extract OCSP URI from /var/www/truenorthinsurancesolutions.com/ssl/config/archive/truenorthinsurancesolutions.com/cert1.pem
2026-05-03 15:17:02,086:DEBUG:certbot._internal.display.obj:Notifying user: Certificate not yet due for renewal
2026-05-03 15:17:02,086:DEBUG:certbot._internal.plugins.selection:Requested authenticator webroot and installer None
2026-05-03 15:17:02,086:DEBUG:certbot._internal.display.obj:Notifying user: 
- - - - - - - - - - - - - - - - - - - - - - - - - - - - - - - - - - - - - - - -
2026-05-03 15:17:02,086:DEBUG:certbot._internal.display.obj:Notifying user: The following certificates are not due for renewal yet:
2026-05-03 15:17:02,087:DEBUG:certbot._internal.display.obj:Notifying user:   /var/www/truenorthinsurancesolutions.com/ssl/config/live/truenorthinsurancesolutions.com/fullchain.pem expires on 2026-07-05 (skipped)
2026-05-03 15:17:02,087:DEBUG:certbot._internal.display.obj:Notifying user: No renewals were attempted.
2026-05-03 15:17:02,087:DEBUG:certbot._internal.display.obj:Notifying user: No hooks were run.
2026-05-03 15:17:02,087:DEBUG:certbot._internal.display.obj:Notifying user: - - - - - - - - - - - - - - - - - - - - - - - - - - - - - - - - - - - - - - - -
2026-05-03 15:17:02,087:DEBUG:certbot._internal.renewal:no renewal failures
2026-05-04 03:17:01,675:DEBUG:certbot._internal.main:certbot version: 2.9.0
2026-05-04 03:17:01,676:DEBUG:certbot._internal.main:Location of certbot entry point: /usr/bin/certbot
2026-05-04 03:17:01,676:DEBUG:certbot._internal.main:Arguments: ['--cert-name', 'truenorthinsurancesolutions.com', '--config-dir', '/var/www/truenorthinsurancesolutions.com/ssl/config', '--work-dir', '/var/www/truenorthinsurancesolutions.com/ssl/work', '--logs-dir', '/var/www/truenorthinsurancesolutions.com/ssl/logs', '--quiet', '--deploy-hook', 'systemctl reload apache2']
2026-05-04 03:17:01,676:DEBUG:certbot._internal.main:Discovered plugins: PluginsRegistry(PluginEntryPoint#apache,PluginEntryPoint#manual,PluginEntryPoint#null,PluginEntryPoint#standalone,PluginEntryPoint#webroot)
2026-05-04 03:17:01,682:DEBUG:certbot._internal.log:Root logging level set at 40
2026-05-04 03:17:01,683:DEBUG:certbot._internal.display.obj:Notifying user: Processing
/var/www/truenorthinsurancesolutions.com/ssl/config/renewal/truenorthinsurancesolutions.com.conf
2026-05-04 03:17:01,683:DEBUG:certbot.configuration:Var config_dir=/var/www/truenorthinsurancesolutions.com/ssl/config (set by user).
2026-05-04 03:17:01,683:DEBUG:certbot.configuration:Var logs_dir=/var/www/truenorthinsurancesolutions.com/ssl/logs (set by user).
2026-05-04 03:17:01,684:DEBUG:certbot.configuration:Var work_dir=/var/www/truenorthinsurancesolutions.com/ssl/work (set by user).
2026-05-04 03:17:01,684:DEBUG:certbot._internal.plugins.selection:Requested authenticator None and installer None
2026-05-04 03:17:01,702:INFO:certbot.ocsp:Cannot extract OCSP URI from /var/www/truenorthinsurancesolutions.com/ssl/config/archive/truenorthinsurancesolutions.com/cert1.pem
2026-05-04 03:17:01,705:DEBUG:certbot._internal.display.obj:Notifying user: Certificate not yet due for renewal
2026-05-04 03:17:01,706:DEBUG:certbot._internal.plugins.selection:Requested authenticator webroot and installer None
2026-05-04 03:17:01,706:DEBUG:certbot._internal.display.obj:Notifying user: 
- - - - - - - - - - - - - - - - - - - - - - - - - - - - - - - - - - - - - - - -
2026-05-04 03:17:01,706:DEBUG:certbot._internal.display.obj:Notifying user: The following certificates are not due for renewal yet:
2026-05-04 03:17:01,706:DEBUG:certbot._internal.display.obj:Notifying user:   /var/www/truenorthinsurancesolutions.com/ssl/config/live/truenorthinsurancesolutions.com/fullchain.pem expires on 2026-07-05 (skipped)
2026-05-04 03:17:01,706:DEBUG:certbot._internal.display.obj:Notifying user: No renewals were attempted.
2026-05-04 03:17:01,706:DEBUG:certbot._internal.display.obj:Notifying user: No hooks were run.
2026-05-04 03:17:01,706:DEBUG:certbot._internal.display.obj:Notifying user: - - - - - - - - - - - - - - - - - - - - - - - - - - - - - - - - - - - - - - - -
2026-05-04 03:17:01,706:DEBUG:certbot._internal.renewal:no renewal failures
2026-05-04 15:17:02,043:DEBUG:certbot._internal.main:certbot version: 2.9.0
2026-05-04 15:17:02,043:DEBUG:certbot._internal.main:Location of certbot entry point: /usr/bin/certbot
2026-05-04 15:17:02,043:DEBUG:certbot._internal.main:Arguments: ['--cert-name', 'truenorthinsurancesolutions.com', '--config-dir', '/var/www/truenorthinsurancesolutions.com/ssl/config', '--work-dir', '/var/www/truenorthinsurancesolutions.com/ssl/work', '--logs-dir', '/var/www/truenorthinsurancesolutions.com/ssl/logs', '--quiet', '--deploy-hook', 'systemctl reload apache2']
2026-05-04 15:17:02,043:DEBUG:certbot._internal.main:Discovered plugins: PluginsRegistry(PluginEntryPoint#apache,PluginEntryPoint#manual,PluginEntryPoint#null,PluginEntryPoint#standalone,PluginEntryPoint#webroot)
2026-05-04 15:17:02,050:DEBUG:certbot._internal.log:Root logging level set at 40
2026-05-04 15:17:02,050:DEBUG:certbot._internal.display.obj:Notifying user: Processing
/var/www/truenorthinsurancesolutions.com/ssl/config/renewal/truenorthinsurancesolutions.com.conf
2026-05-04 15:17:02,051:DEBUG:certbot.configuration:Var config_dir=/var/www/truenorthinsurancesolutions.com/ssl/config (set by user).
2026-05-04 15:17:02,051:DEBUG:certbot.configuration:Var logs_dir=/var/www/truenorthinsurancesolutions.com/ssl/logs (set by user).
2026-05-04 15:17:02,051:DEBUG:certbot.configuration:Var work_dir=/var/www/truenorthinsurancesolutions.com/ssl/work (set by user).
2026-05-04 15:17:02,052:DEBUG:certbot._internal.plugins.selection:Requested authenticator None and installer None
2026-05-04 15:17:02,069:INFO:certbot.ocsp:Cannot extract OCSP URI from /var/www/truenorthinsurancesolutions.com/ssl/config/archive/truenorthinsurancesolutions.com/cert1.pem
2026-05-04 15:17:02,072:DEBUG:certbot._internal.display.obj:Notifying user: Certificate not yet due for renewal
2026-05-04 15:17:02,073:DEBUG:certbot._internal.plugins.selection:Requested authenticator webroot and installer None
2026-05-04 15:17:02,073:DEBUG:certbot._internal.display.obj:Notifying user: 
- - - - - - - - - - - - - - - - - - - - - - - - - - - - - - - - - - - - - - - -
2026-05-04 15:17:02,073:DEBUG:certbot._internal.display.obj:Notifying user: The following certificates are not due for renewal yet:
2026-05-04 15:17:02,073:DEBUG:certbot._internal.display.obj:Notifying user:   /var/www/truenorthinsurancesolutions.com/ssl/config/live/truenorthinsurancesolutions.com/fullchain.pem expires on 2026-07-05 (skipped)
2026-05-04 15:17:02,073:DEBUG:certbot._internal.display.obj:Notifying user: No renewals were attempted.
2026-05-04 15:17:02,073:DEBUG:certbot._internal.display.obj:Notifying user: No hooks were run.
2026-05-04 15:17:02,074:DEBUG:certbot._internal.display.obj:Notifying user: - - - - - - - - - - - - - - - - - - - - - - - - - - - - - - - - - - - - - - - -
2026-05-04 15:17:02,074:DEBUG:certbot._internal.renewal:no renewal failures
2026-05-05 03:17:01,688:DEBUG:certbot._internal.main:certbot version: 2.9.0
2026-05-05 03:17:01,688:DEBUG:certbot._internal.main:Location of certbot entry point: /usr/bin/certbot
2026-05-05 03:17:01,689:DEBUG:certbot._internal.main:Arguments: ['--cert-name', 'truenorthinsurancesolutions.com', '--config-dir', '/var/www/truenorthinsurancesolutions.com/ssl/config', '--work-dir', '/var/www/truenorthinsurancesolutions.com/ssl/work', '--logs-dir', '/var/www/truenorthinsurancesolutions.com/ssl/logs', '--quiet', '--deploy-hook', 'systemctl reload apache2']
2026-05-05 03:17:01,689:DEBUG:certbot._internal.main:Discovered plugins: PluginsRegistry(PluginEntryPoint#apache,PluginEntryPoint#manual,PluginEntryPoint#null,PluginEntryPoint#standalone,PluginEntryPoint#webroot)
2026-05-05 03:17:01,696:DEBUG:certbot._internal.log:Root logging level set at 40
2026-05-05 03:17:01,697:DEBUG:certbot._internal.display.obj:Notifying user: Processing
/var/www/truenorthinsurancesolutions.com/ssl/config/renewal/truenorthinsurancesolutions.com.conf
2026-05-05 03:17:01,699:DEBUG:certbot.configuration:Var config_dir=/var/www/truenorthinsurancesolutions.com/ssl/config (set by user).
2026-05-05 03:17:01,699:DEBUG:certbot.configuration:Var logs_dir=/var/www/truenorthinsurancesolutions.com/ssl/logs (set by user).
2026-05-05 03:17:01,699:DEBUG:certbot.configuration:Var work_dir=/var/www/truenorthinsurancesolutions.com/ssl/work (set by user).
2026-05-05 03:17:01,699:DEBUG:certbot._internal.plugins.selection:Requested authenticator None and installer None
2026-05-05 03:17:01,723:INFO:certbot.ocsp:Cannot extract OCSP URI from /var/www/truenorthinsurancesolutions.com/ssl/config/archive/truenorthinsurancesolutions.com/cert1.pem
2026-05-05 03:17:01,727:DEBUG:certbot._internal.display.obj:Notifying user: Certificate not yet due for renewal
2026-05-05 03:17:01,728:DEBUG:certbot._internal.plugins.selection:Requested authenticator webroot and installer None
2026-05-05 03:17:01,728:DEBUG:certbot._internal.display.obj:Notifying user: 
- - - - - - - - - - - - - - - - - - - - - - - - - - - - - - - - - - - - - - - -
2026-05-05 03:17:01,728:DEBUG:certbot._internal.display.obj:Notifying user: The following certificates are not due for renewal yet:
2026-05-05 03:17:01,729:DEBUG:certbot._internal.display.obj:Notifying user:   /var/www/truenorthinsurancesolutions.com/ssl/config/live/truenorthinsurancesolutions.com/fullchain.pem expires on 2026-07-05 (skipped)
2026-05-05 03:17:01,729:DEBUG:certbot._internal.display.obj:Notifying user: No renewals were attempted.
2026-05-05 03:17:01,729:DEBUG:certbot._internal.display.obj:Notifying user: No hooks were run.
2026-05-05 03:17:01,729:DEBUG:certbot._internal.display.obj:Notifying user: - - - - - - - - - - - - - - - - - - - - - - - - - - - - - - - - - - - - - - - -
2026-05-05 03:17:01,729:DEBUG:certbot._internal.renewal:no renewal failures
2026-05-05 15:17:01,989:DEBUG:certbot._internal.main:certbot version: 2.9.0
2026-05-05 15:17:01,991:DEBUG:certbot._internal.main:Location of certbot entry point: /usr/bin/certbot
2026-05-05 15:17:01,991:DEBUG:certbot._internal.main:Arguments: ['--cert-name', 'truenorthinsurancesolutions.com', '--config-dir', '/var/www/truenorthinsurancesolutions.com/ssl/config', '--work-dir', '/var/www/truenorthinsurancesolutions.com/ssl/work', '--logs-dir', '/var/www/truenorthinsurancesolutions.com/ssl/logs', '--quiet', '--deploy-hook', 'systemctl reload apache2']
2026-05-05 15:17:01,991:DEBUG:certbot._internal.main:Discovered plugins: PluginsRegistry(PluginEntryPoint#apache,PluginEntryPoint#manual,PluginEntryPoint#null,PluginEntryPoint#standalone,PluginEntryPoint#webroot)
2026-05-05 15:17:02,004:DEBUG:certbot._internal.log:Root logging level set at 40
2026-05-05 15:17:02,006:DEBUG:certbot._internal.display.obj:Notifying user: Processing
/var/www/truenorthinsurancesolutions.com/ssl/config/renewal/truenorthinsurancesolutions.com.conf
2026-05-05 15:17:02,009:DEBUG:certbot.configuration:Var config_dir=/var/www/truenorthinsurancesolutions.com/ssl/config (set by user).
2026-05-05 15:17:02,009:DEBUG:certbot.configuration:Var logs_dir=/var/www/truenorthinsurancesolutions.com/ssl/logs (set by user).
2026-05-05 15:17:02,009:DEBUG:certbot.configuration:Var work_dir=/var/www/truenorthinsurancesolutions.com/ssl/work (set by user).
2026-05-05 15:17:02,009:DEBUG:certbot._internal.plugins.selection:Requested authenticator None and installer None
2026-05-05 15:17:02,056:INFO:certbot.ocsp:Cannot extract OCSP URI from /var/www/truenorthinsurancesolutions.com/ssl/config/archive/truenorthinsurancesolutions.com/cert1.pem
2026-05-05 15:17:02,064:DEBUG:certbot._internal.display.obj:Notifying user: Certificate not yet due for renewal
2026-05-05 15:17:02,066:DEBUG:certbot._internal.plugins.selection:Requested authenticator webroot and installer None
2026-05-05 15:17:02,066:DEBUG:certbot._internal.display.obj:Notifying user: 
- - - - - - - - - - - - - - - - - - - - - - - - - - - - - - - - - - - - - - - -
2026-05-05 15:17:02,066:DEBUG:certbot._internal.display.obj:Notifying user: The following certificates are not due for renewal yet:
2026-05-05 15:17:02,066:DEBUG:certbot._internal.display.obj:Notifying user:   /var/www/truenorthinsurancesolutions.com/ssl/config/live/truenorthinsurancesolutions.com/fullchain.pem expires on 2026-07-05 (skipped)
2026-05-05 15:17:02,066:DEBUG:certbot._internal.display.obj:Notifying user: No renewals were attempted.
2026-05-05 15:17:02,066:DEBUG:certbot._internal.display.obj:Notifying user: No hooks were run.
2026-05-05 15:17:02,066:DEBUG:certbot._internal.display.obj:Notifying user: - - - - - - - - - - - - - - - - - - - - - - - - - - - - - - - - - - - - - - - -
2026-05-05 15:17:02,066:DEBUG:certbot._internal.renewal:no renewal failures
2026-05-06 03:17:01,952:DEBUG:certbot._internal.main:certbot version: 2.9.0
2026-05-06 03:17:01,953:DEBUG:certbot._internal.main:Location of certbot entry point: /usr/bin/certbot
2026-05-06 03:17:01,953:DEBUG:certbot._internal.main:Arguments: ['--cert-name', 'truenorthinsurancesolutions.com', '--config-dir', '/var/www/truenorthinsurancesolutions.com/ssl/config', '--work-dir', '/var/www/truenorthinsurancesolutions.com/ssl/work', '--logs-dir', '/var/www/truenorthinsurancesolutions.com/ssl/logs', '--quiet', '--deploy-hook', 'systemctl reload apache2']
2026-05-06 03:17:01,953:DEBUG:certbot._internal.main:Discovered plugins: PluginsRegistry(PluginEntryPoint#apache,PluginEntryPoint#manual,PluginEntryPoint#null,PluginEntryPoint#standalone,PluginEntryPoint#webroot)
2026-05-06 03:17:01,961:DEBUG:certbot._internal.log:Root logging level set at 40
2026-05-06 03:17:01,961:DEBUG:certbot._internal.display.obj:Notifying user: Processing
/var/www/truenorthinsurancesolutions.com/ssl/config/renewal/truenorthinsurancesolutions.com.conf
2026-05-06 03:17:01,963:DEBUG:certbot.configuration:Var config_dir=/var/www/truenorthinsurancesolutions.com/ssl/config (set by user).
2026-05-06 03:17:01,963:DEBUG:certbot.configuration:Var logs_dir=/var/www/truenorthinsurancesolutions.com/ssl/logs (set by user).
2026-05-06 03:17:01,963:DEBUG:certbot.configuration:Var work_dir=/var/www/truenorthinsurancesolutions.com/ssl/work (set by user).
2026-05-06 03:17:01,963:DEBUG:certbot._internal.plugins.selection:Requested authenticator None and installer None
2026-05-06 03:17:01,984:INFO:certbot.ocsp:Cannot extract OCSP URI from /var/www/truenorthinsurancesolutions.com/ssl/config/archive/truenorthinsurancesolutions.com/cert1.pem
2026-05-06 03:17:01,988:DEBUG:certbot._internal.display.obj:Notifying user: Certificate not yet due for renewal
2026-05-06 03:17:01,988:DEBUG:certbot._internal.plugins.selection:Requested authenticator webroot and installer None
2026-05-06 03:17:01,988:DEBUG:certbot._internal.display.obj:Notifying user: 
- - - - - - - - - - - - - - - - - - - - - - - - - - - - - - - - - - - - - - - -
2026-05-06 03:17:01,988:DEBUG:certbot._internal.display.obj:Notifying user: The following certificates are not due for renewal yet:
2026-05-06 03:17:01,989:DEBUG:certbot._internal.display.obj:Notifying user:   /var/www/truenorthinsurancesolutions.com/ssl/config/live/truenorthinsurancesolutions.com/fullchain.pem expires on 2026-07-05 (skipped)
2026-05-06 03:17:01,989:DEBUG:certbot._internal.display.obj:Notifying user: No renewals were attempted.
2026-05-06 03:17:01,989:DEBUG:certbot._internal.display.obj:Notifying user: No hooks were run.
2026-05-06 03:17:01,989:DEBUG:certbot._internal.display.obj:Notifying user: - - - - - - - - - - - - - - - - - - - - - - - - - - - - - - - - - - - - - - - -
2026-05-06 03:17:01,989:DEBUG:certbot._internal.renewal:no renewal failures
2026-05-06 15:17:01,331:DEBUG:certbot._internal.main:certbot version: 2.9.0
2026-05-06 15:17:01,332:DEBUG:certbot._internal.main:Location of certbot entry point: /usr/bin/certbot
2026-05-06 15:17:01,332:DEBUG:certbot._internal.main:Arguments: ['--cert-name', 'truenorthinsurancesolutions.com', '--config-dir', '/var/www/truenorthinsurancesolutions.com/ssl/config', '--work-dir', '/var/www/truenorthinsurancesolutions.com/ssl/work', '--logs-dir', '/var/www/truenorthinsurancesolutions.com/ssl/logs', '--quiet', '--deploy-hook', 'systemctl reload apache2']
2026-05-06 15:17:01,332:DEBUG:certbot._internal.main:Discovered plugins: PluginsRegistry(PluginEntryPoint#apache,PluginEntryPoint#manual,PluginEntryPoint#null,PluginEntryPoint#standalone,PluginEntryPoint#webroot)
2026-05-06 15:17:01,338:DEBUG:certbot._internal.log:Root logging level set at 40
2026-05-06 15:17:01,338:DEBUG:certbot._internal.display.obj:Notifying user: Processing
/var/www/truenorthinsurancesolutions.com/ssl/config/renewal/truenorthinsurancesolutions.com.conf
2026-05-06 15:17:01,339:DEBUG:certbot.configuration:Var config_dir=/var/www/truenorthinsurancesolutions.com/ssl/config (set by user).
2026-05-06 15:17:01,339:DEBUG:certbot.configuration:Var logs_dir=/var/www/truenorthinsurancesolutions.com/ssl/logs (set by user).
2026-05-06 15:17:01,339:DEBUG:certbot.configuration:Var work_dir=/var/www/truenorthinsurancesolutions.com/ssl/work (set by user).
2026-05-06 15:17:01,339:DEBUG:certbot._internal.plugins.selection:Requested authenticator None and installer None
2026-05-06 15:17:01,357:INFO:certbot.ocsp:Cannot extract OCSP URI from /var/www/truenorthinsurancesolutions.com/ssl/config/archive/truenorthinsurancesolutions.com/cert1.pem
2026-05-06 15:17:01,360:DEBUG:certbot._internal.display.obj:Notifying user: Certificate not yet due for renewal
2026-05-06 15:17:01,360:DEBUG:certbot._internal.plugins.selection:Requested authenticator webroot and installer None
2026-05-06 15:17:01,361:DEBUG:certbot._internal.display.obj:Notifying user: 
- - - - - - - - - - - - - - - - - - - - - - - - - - - - - - - - - - - - - - - -
2026-05-06 15:17:01,361:DEBUG:certbot._internal.display.obj:Notifying user: The following certificates are not due for renewal yet:
2026-05-06 15:17:01,361:DEBUG:certbot._internal.display.obj:Notifying user:   /var/www/truenorthinsurancesolutions.com/ssl/config/live/truenorthinsurancesolutions.com/fullchain.pem expires on 2026-07-05 (skipped)
2026-05-06 15:17:01,361:DEBUG:certbot._internal.display.obj:Notifying user: No renewals were attempted.
2026-05-06 15:17:01,361:DEBUG:certbot._internal.display.obj:Notifying user: No hooks were run.
2026-05-06 15:17:01,361:DEBUG:certbot._internal.display.obj:Notifying user: - - - - - - - - - - - - - - - - - - - - - - - - - - - - - - - - - - - - - - - -
2026-05-06 15:17:01,361:DEBUG:certbot._internal.renewal:no renewal failures
2026-05-07 03:17:01,832:DEBUG:certbot._internal.main:certbot version: 2.9.0
2026-05-07 03:17:01,832:DEBUG:certbot._internal.main:Location of certbot entry point: /usr/bin/certbot
2026-05-07 03:17:01,832:DEBUG:certbot._internal.main:Arguments: ['--cert-name', 'truenorthinsurancesolutions.com', '--config-dir', '/var/www/truenorthinsurancesolutions.com/ssl/config', '--work-dir', '/var/www/truenorthinsurancesolutions.com/ssl/work', '--logs-dir', '/var/www/truenorthinsurancesolutions.com/ssl/logs', '--quiet', '--deploy-hook', 'systemctl reload apache2']
2026-05-07 03:17:01,832:DEBUG:certbot._internal.main:Discovered plugins: PluginsRegistry(PluginEntryPoint#apache,PluginEntryPoint#manual,PluginEntryPoint#null,PluginEntryPoint#standalone,PluginEntryPoint#webroot)
2026-05-07 03:17:01,838:DEBUG:certbot._internal.log:Root logging level set at 40
2026-05-07 03:17:01,839:DEBUG:certbot._internal.display.obj:Notifying user: Processing
/var/www/truenorthinsurancesolutions.com/ssl/config/renewal/truenorthinsurancesolutions.com.conf
2026-05-07 03:17:01,840:DEBUG:certbot.configuration:Var config_dir=/var/www/truenorthinsurancesolutions.com/ssl/config (set by user).
2026-05-07 03:17:01,840:DEBUG:certbot.configuration:Var logs_dir=/var/www/truenorthinsurancesolutions.com/ssl/logs (set by user).
2026-05-07 03:17:01,840:DEBUG:certbot.configuration:Var work_dir=/var/www/truenorthinsurancesolutions.com/ssl/work (set by user).
2026-05-07 03:17:01,840:DEBUG:certbot._internal.plugins.selection:Requested authenticator None and installer None
2026-05-07 03:17:01,857:INFO:certbot.ocsp:Cannot extract OCSP URI from /var/www/truenorthinsurancesolutions.com/ssl/config/archive/truenorthinsurancesolutions.com/cert1.pem
2026-05-07 03:17:01,860:DEBUG:certbot._internal.display.obj:Notifying user: Certificate not yet due for renewal
2026-05-07 03:17:01,861:DEBUG:certbot._internal.plugins.selection:Requested authenticator webroot and installer None
2026-05-07 03:17:01,861:DEBUG:certbot._internal.display.obj:Notifying user: 
- - - - - - - - - - - - - - - - - - - - - - - - - - - - - - - - - - - - - - - -
2026-05-07 03:17:01,861:DEBUG:certbot._internal.display.obj:Notifying user: The following certificates are not due for renewal yet:
2026-05-07 03:17:01,861:DEBUG:certbot._internal.display.obj:Notifying user:   /var/www/truenorthinsurancesolutions.com/ssl/config/live/truenorthinsurancesolutions.com/fullchain.pem expires on 2026-07-05 (skipped)
2026-05-07 03:17:01,861:DEBUG:certbot._internal.display.obj:Notifying user: No renewals were attempted.
2026-05-07 03:17:01,861:DEBUG:certbot._internal.display.obj:Notifying user: No hooks were run.
2026-05-07 03:17:01,861:DEBUG:certbot._internal.display.obj:Notifying user: - - - - - - - - - - - - - - - - - - - - - - - - - - - - - - - - - - - - - - - -
2026-05-07 03:17:01,861:DEBUG:certbot._internal.renewal:no renewal failures
2026-05-07 15:17:02,220:DEBUG:certbot._internal.main:certbot version: 2.9.0
2026-05-07 15:17:02,220:DEBUG:certbot._internal.main:Location of certbot entry point: /usr/bin/certbot
2026-05-07 15:17:02,220:DEBUG:certbot._internal.main:Arguments: ['--cert-name', 'truenorthinsurancesolutions.com', '--config-dir', '/var/www/truenorthinsurancesolutions.com/ssl/config', '--work-dir', '/var/www/truenorthinsurancesolutions.com/ssl/work', '--logs-dir', '/var/www/truenorthinsurancesolutions.com/ssl/logs', '--quiet', '--deploy-hook', 'systemctl reload apache2']
2026-05-07 15:17:02,221:DEBUG:certbot._internal.main:Discovered plugins: PluginsRegistry(PluginEntryPoint#apache,PluginEntryPoint#manual,PluginEntryPoint#null,PluginEntryPoint#standalone,PluginEntryPoint#webroot)
2026-05-07 15:17:02,227:DEBUG:certbot._internal.log:Root logging level set at 40
2026-05-07 15:17:02,228:DEBUG:certbot._internal.display.obj:Notifying user: Processing
/var/www/truenorthinsurancesolutions.com/ssl/config/renewal/truenorthinsurancesolutions.com.conf
2026-05-07 15:17:02,229:DEBUG:certbot.configuration:Var config_dir=/var/www/truenorthinsurancesolutions.com/ssl/config (set by user).
2026-05-07 15:17:02,229:DEBUG:certbot.configuration:Var logs_dir=/var/www/truenorthinsurancesolutions.com/ssl/logs (set by user).
2026-05-07 15:17:02,229:DEBUG:certbot.configuration:Var work_dir=/var/www/truenorthinsurancesolutions.com/ssl/work (set by user).
2026-05-07 15:17:02,229:DEBUG:certbot._internal.plugins.selection:Requested authenticator None and installer None
2026-05-07 15:17:02,248:INFO:certbot.ocsp:Cannot extract OCSP URI from /var/www/truenorthinsurancesolutions.com/ssl/config/archive/truenorthinsurancesolutions.com/cert1.pem
2026-05-07 15:17:02,251:DEBUG:certbot._internal.display.obj:Notifying user: Certificate not yet due for renewal
2026-05-07 15:17:02,252:DEBUG:certbot._internal.plugins.selection:Requested authenticator webroot and installer None
2026-05-07 15:17:02,252:DEBUG:certbot._internal.display.obj:Notifying user: 
- - - - - - - - - - - - - - - - - - - - - - - - - - - - - - - - - - - - - - - -
2026-05-07 15:17:02,252:DEBUG:certbot._internal.display.obj:Notifying user: The following certificates are not due for renewal yet:
2026-05-07 15:17:02,252:DEBUG:certbot._internal.display.obj:Notifying user:   /var/www/truenorthinsurancesolutions.com/ssl/config/live/truenorthinsurancesolutions.com/fullchain.pem expires on 2026-07-05 (skipped)
2026-05-07 15:17:02,252:DEBUG:certbot._internal.display.obj:Notifying user: No renewals were attempted.
2026-05-07 15:17:02,252:DEBUG:certbot._internal.display.obj:Notifying user: No hooks were run.
2026-05-07 15:17:02,252:DEBUG:certbot._internal.display.obj:Notifying user: - - - - - - - - - - - - - - - - - - - - - - - - - - - - - - - - - - - - - - - -
2026-05-07 15:17:02,252:DEBUG:certbot._internal.renewal:no renewal failures
2026-05-08 03:17:02,155:DEBUG:certbot._internal.main:certbot version: 2.9.0
2026-05-08 03:17:02,156:DEBUG:certbot._internal.main:Location of certbot entry point: /usr/bin/certbot
2026-05-08 03:17:02,156:DEBUG:certbot._internal.main:Arguments: ['--cert-name', 'truenorthinsurancesolutions.com', '--config-dir', '/var/www/truenorthinsurancesolutions.com/ssl/config', '--work-dir', '/var/www/truenorthinsurancesolutions.com/ssl/work', '--logs-dir', '/var/www/truenorthinsurancesolutions.com/ssl/logs', '--quiet', '--deploy-hook', 'systemctl reload apache2']
2026-05-08 03:17:02,156:DEBUG:certbot._internal.main:Discovered plugins: PluginsRegistry(PluginEntryPoint#apache,PluginEntryPoint#manual,PluginEntryPoint#null,PluginEntryPoint#standalone,PluginEntryPoint#webroot)
2026-05-08 03:17:02,164:DEBUG:certbot._internal.log:Root logging level set at 40
2026-05-08 03:17:02,166:DEBUG:certbot._internal.display.obj:Notifying user: Processing
/var/www/truenorthinsurancesolutions.com/ssl/config/renewal/truenorthinsurancesolutions.com.conf
2026-05-08 03:17:02,167:DEBUG:certbot.configuration:Var config_dir=/var/www/truenorthinsurancesolutions.com/ssl/config (set by user).
2026-05-08 03:17:02,168:DEBUG:certbot.configuration:Var logs_dir=/var/www/truenorthinsurancesolutions.com/ssl/logs (set by user).
2026-05-08 03:17:02,168:DEBUG:certbot.configuration:Var work_dir=/var/www/truenorthinsurancesolutions.com/ssl/work (set by user).
2026-05-08 03:17:02,168:DEBUG:certbot._internal.plugins.selection:Requested authenticator None and installer None
2026-05-08 03:17:02,188:INFO:certbot.ocsp:Cannot extract OCSP URI from /var/www/truenorthinsurancesolutions.com/ssl/config/archive/truenorthinsurancesolutions.com/cert1.pem
2026-05-08 03:17:02,191:DEBUG:certbot._internal.display.obj:Notifying user: Certificate not yet due for renewal
2026-05-08 03:17:02,192:DEBUG:certbot._internal.plugins.selection:Requested authenticator webroot and installer None
2026-05-08 03:17:02,192:DEBUG:certbot._internal.display.obj:Notifying user: 
- - - - - - - - - - - - - - - - - - - - - - - - - - - - - - - - - - - - - - - -
2026-05-08 03:17:02,192:DEBUG:certbot._internal.display.obj:Notifying user: The following certificates are not due for renewal yet:
2026-05-08 03:17:02,192:DEBUG:certbot._internal.display.obj:Notifying user:   /var/www/truenorthinsurancesolutions.com/ssl/config/live/truenorthinsurancesolutions.com/fullchain.pem expires on 2026-07-05 (skipped)
2026-05-08 03:17:02,192:DEBUG:certbot._internal.display.obj:Notifying user: No renewals were attempted.
2026-05-08 03:17:02,192:DEBUG:certbot._internal.display.obj:Notifying user: No hooks were run.
2026-05-08 03:17:02,192:DEBUG:certbot._internal.display.obj:Notifying user: - - - - - - - - - - - - - - - - - - - - - - - - - - - - - - - - - - - - - - - -
2026-05-08 03:17:02,192:DEBUG:certbot._internal.renewal:no renewal failures
2026-05-08 15:17:01,681:DEBUG:certbot._internal.main:certbot version: 2.9.0
2026-05-08 15:17:01,681:DEBUG:certbot._internal.main:Location of certbot entry point: /usr/bin/certbot
2026-05-08 15:17:01,681:DEBUG:certbot._internal.main:Arguments: ['--cert-name', 'truenorthinsurancesolutions.com', '--config-dir', '/var/www/truenorthinsurancesolutions.com/ssl/config', '--work-dir', '/var/www/truenorthinsurancesolutions.com/ssl/work', '--logs-dir', '/var/www/truenorthinsurancesolutions.com/ssl/logs', '--quiet', '--deploy-hook', 'systemctl reload apache2']
2026-05-08 15:17:01,681:DEBUG:certbot._internal.main:Discovered plugins: PluginsRegistry(PluginEntryPoint#apache,PluginEntryPoint#manual,PluginEntryPoint#null,PluginEntryPoint#standalone,PluginEntryPoint#webroot)
2026-05-08 15:17:01,688:DEBUG:certbot._internal.log:Root logging level set at 40
2026-05-08 15:17:01,689:DEBUG:certbot._internal.display.obj:Notifying user: Processing
/var/www/truenorthinsurancesolutions.com/ssl/config/renewal/truenorthinsurancesolutions.com.conf
2026-05-08 15:17:01,690:DEBUG:certbot.configuration:Var config_dir=/var/www/truenorthinsurancesolutions.com/ssl/config (set by user).
2026-05-08 15:17:01,690:DEBUG:certbot.configuration:Var logs_dir=/var/www/truenorthinsurancesolutions.com/ssl/logs (set by user).
2026-05-08 15:17:01,690:DEBUG:certbot.configuration:Var work_dir=/var/www/truenorthinsurancesolutions.com/ssl/work (set by user).
2026-05-08 15:17:01,690:DEBUG:certbot._internal.plugins.selection:Requested authenticator None and installer None
2026-05-08 15:17:01,711:INFO:certbot.ocsp:Cannot extract OCSP URI from /var/www/truenorthinsurancesolutions.com/ssl/config/archive/truenorthinsurancesolutions.com/cert1.pem
2026-05-08 15:17:01,714:DEBUG:certbot._internal.display.obj:Notifying user: Certificate not yet due for renewal
2026-05-08 15:17:01,714:DEBUG:certbot._internal.plugins.selection:Requested authenticator webroot and installer None
2026-05-08 15:17:01,714:DEBUG:certbot._internal.display.obj:Notifying user: 
- - - - - - - - - - - - - - - - - - - - - - - - - - - - - - - - - - - - - - - -
2026-05-08 15:17:01,714:DEBUG:certbot._internal.display.obj:Notifying user: The following certificates are not due for renewal yet:
2026-05-08 15:17:01,714:DEBUG:certbot._internal.display.obj:Notifying user:   /var/www/truenorthinsurancesolutions.com/ssl/config/live/truenorthinsurancesolutions.com/fullchain.pem expires on 2026-07-05 (skipped)
2026-05-08 15:17:01,714:DEBUG:certbot._internal.display.obj:Notifying user: No renewals were attempted.
2026-05-08 15:17:01,714:DEBUG:certbot._internal.display.obj:Notifying user: No hooks were run.
2026-05-08 15:17:01,714:DEBUG:certbot._internal.display.obj:Notifying user: - - - - - - - - - - - - - - - - - - - - - - - - - - - - - - - - - - - - - - - -
2026-05-08 15:17:01,715:DEBUG:certbot._internal.renewal:no renewal failures
2026-05-09 03:17:01,565:DEBUG:certbot._internal.main:certbot version: 2.9.0
2026-05-09 03:17:01,565:DEBUG:certbot._internal.main:Location of certbot entry point: /usr/bin/certbot
2026-05-09 03:17:01,565:DEBUG:certbot._internal.main:Arguments: ['--cert-name', 'truenorthinsurancesolutions.com', '--config-dir', '/var/www/truenorthinsurancesolutions.com/ssl/config', '--work-dir', '/var/www/truenorthinsurancesolutions.com/ssl/work', '--logs-dir', '/var/www/truenorthinsurancesolutions.com/ssl/logs', '--quiet', '--deploy-hook', 'systemctl reload apache2']
2026-05-09 03:17:01,565:DEBUG:certbot._internal.main:Discovered plugins: PluginsRegistry(PluginEntryPoint#apache,PluginEntryPoint#manual,PluginEntryPoint#null,PluginEntryPoint#standalone,PluginEntryPoint#webroot)
2026-05-09 03:17:01,572:DEBUG:certbot._internal.log:Root logging level set at 40
2026-05-09 03:17:01,572:DEBUG:certbot._internal.display.obj:Notifying user: Processing
/var/www/truenorthinsurancesolutions.com/ssl/config/renewal/truenorthinsurancesolutions.com.conf
2026-05-09 03:17:01,573:DEBUG:certbot.configuration:Var config_dir=/var/www/truenorthinsurancesolutions.com/ssl/config (set by user).
2026-05-09 03:17:01,573:DEBUG:certbot.configuration:Var logs_dir=/var/www/truenorthinsurancesolutions.com/ssl/logs (set by user).
2026-05-09 03:17:01,573:DEBUG:certbot.configuration:Var work_dir=/var/www/truenorthinsurancesolutions.com/ssl/work (set by user).
2026-05-09 03:17:01,573:DEBUG:certbot._internal.plugins.selection:Requested authenticator None and installer None
2026-05-09 03:17:01,597:INFO:certbot.ocsp:Cannot extract OCSP URI from /var/www/truenorthinsurancesolutions.com/ssl/config/archive/truenorthinsurancesolutions.com/cert1.pem
2026-05-09 03:17:01,600:DEBUG:certbot._internal.display.obj:Notifying user: Certificate not yet due for renewal
2026-05-09 03:17:01,601:DEBUG:certbot._internal.plugins.selection:Requested authenticator webroot and installer None
2026-05-09 03:17:01,601:DEBUG:certbot._internal.display.obj:Notifying user: 
- - - - - - - - - - - - - - - - - - - - - - - - - - - - - - - - - - - - - - - -
2026-05-09 03:17:01,601:DEBUG:certbot._internal.display.obj:Notifying user: The following certificates are not due for renewal yet:
2026-05-09 03:17:01,601:DEBUG:certbot._internal.display.obj:Notifying user:   /var/www/truenorthinsurancesolutions.com/ssl/config/live/truenorthinsurancesolutions.com/fullchain.pem expires on 2026-07-05 (skipped)
2026-05-09 03:17:01,601:DEBUG:certbot._internal.display.obj:Notifying user: No renewals were attempted.
2026-05-09 03:17:01,602:DEBUG:certbot._internal.display.obj:Notifying user: No hooks were run.
2026-05-09 03:17:01,602:DEBUG:certbot._internal.display.obj:Notifying user: - - - - - - - - - - - - - - - - - - - - - - - - - - - - - - - - - - - - - - - -
2026-05-09 03:17:01,602:DEBUG:certbot._internal.renewal:no renewal failures
2026-05-09 15:17:02,276:DEBUG:certbot._internal.main:certbot version: 2.9.0
2026-05-09 15:17:02,276:DEBUG:certbot._internal.main:Location of certbot entry point: /usr/bin/certbot
2026-05-09 15:17:02,276:DEBUG:certbot._internal.main:Arguments: ['--cert-name', 'truenorthinsurancesolutions.com', '--config-dir', '/var/www/truenorthinsurancesolutions.com/ssl/config', '--work-dir', '/var/www/truenorthinsurancesolutions.com/ssl/work', '--logs-dir', '/var/www/truenorthinsurancesolutions.com/ssl/logs', '--quiet', '--deploy-hook', 'systemctl reload apache2']
2026-05-09 15:17:02,277:DEBUG:certbot._internal.main:Discovered plugins: PluginsRegistry(PluginEntryPoint#apache,PluginEntryPoint#manual,PluginEntryPoint#null,PluginEntryPoint#standalone,PluginEntryPoint#webroot)
2026-05-09 15:17:02,285:DEBUG:certbot._internal.log:Root logging level set at 40
2026-05-09 15:17:02,287:DEBUG:certbot._internal.display.obj:Notifying user: Processing
/var/www/truenorthinsurancesolutions.com/ssl/config/renewal/truenorthinsurancesolutions.com.conf
2026-05-09 15:17:02,288:DEBUG:certbot.configuration:Var config_dir=/var/www/truenorthinsurancesolutions.com/ssl/config (set by user).
2026-05-09 15:17:02,288:DEBUG:certbot.configuration:Var logs_dir=/var/www/truenorthinsurancesolutions.com/ssl/logs (set by user).
2026-05-09 15:17:02,288:DEBUG:certbot.configuration:Var work_dir=/var/www/truenorthinsurancesolutions.com/ssl/work (set by user).
2026-05-09 15:17:02,288:DEBUG:certbot._internal.plugins.selection:Requested authenticator None and installer None
2026-05-09 15:17:02,321:INFO:certbot.ocsp:Cannot extract OCSP URI from /var/www/truenorthinsurancesolutions.com/ssl/config/archive/truenorthinsurancesolutions.com/cert1.pem
2026-05-09 15:17:02,325:DEBUG:certbot._internal.display.obj:Notifying user: Certificate not yet due for renewal
2026-05-09 15:17:02,326:DEBUG:certbot._internal.plugins.selection:Requested authenticator webroot and installer None
2026-05-09 15:17:02,326:DEBUG:certbot._internal.display.obj:Notifying user: 
- - - - - - - - - - - - - - - - - - - - - - - - - - - - - - - - - - - - - - - -
2026-05-09 15:17:02,326:DEBUG:certbot._internal.display.obj:Notifying user: The following certificates are not due for renewal yet:
2026-05-09 15:17:02,326:DEBUG:certbot._internal.display.obj:Notifying user:   /var/www/truenorthinsurancesolutions.com/ssl/config/live/truenorthinsurancesolutions.com/fullchain.pem expires on 2026-07-05 (skipped)
2026-05-09 15:17:02,326:DEBUG:certbot._internal.display.obj:Notifying user: No renewals were attempted.
2026-05-09 15:17:02,326:DEBUG:certbot._internal.display.obj:Notifying user: No hooks were run.
2026-05-09 15:17:02,327:DEBUG:certbot._internal.display.obj:Notifying user: - - - - - - - - - - - - - - - - - - - - - - - - - - - - - - - - - - - - - - - -
2026-05-09 15:17:02,327:DEBUG:certbot._internal.renewal:no renewal failures
2026-05-10 03:17:01,836:DEBUG:certbot._internal.main:certbot version: 2.9.0
2026-05-10 03:17:01,837:DEBUG:certbot._internal.main:Location of certbot entry point: /usr/bin/certbot
2026-05-10 03:17:01,837:DEBUG:certbot._internal.main:Arguments: ['--cert-name', 'truenorthinsurancesolutions.com', '--config-dir', '/var/www/truenorthinsurancesolutions.com/ssl/config', '--work-dir', '/var/www/truenorthinsurancesolutions.com/ssl/work', '--logs-dir', '/var/www/truenorthinsurancesolutions.com/ssl/logs', '--quiet', '--deploy-hook', 'systemctl reload apache2']
2026-05-10 03:17:01,837:DEBUG:certbot._internal.main:Discovered plugins: PluginsRegistry(PluginEntryPoint#apache,PluginEntryPoint#manual,PluginEntryPoint#null,PluginEntryPoint#standalone,PluginEntryPoint#webroot)
2026-05-10 03:17:01,843:DEBUG:certbot._internal.log:Root logging level set at 40
2026-05-10 03:17:01,844:DEBUG:certbot._internal.display.obj:Notifying user: Processing
/var/www/truenorthinsurancesolutions.com/ssl/config/renewal/truenorthinsurancesolutions.com.conf
2026-05-10 03:17:01,845:DEBUG:certbot.configuration:Var config_dir=/var/www/truenorthinsurancesolutions.com/ssl/config (set by user).
2026-05-10 03:17:01,845:DEBUG:certbot.configuration:Var logs_dir=/var/www/truenorthinsurancesolutions.com/ssl/logs (set by user).
2026-05-10 03:17:01,845:DEBUG:certbot.configuration:Var work_dir=/var/www/truenorthinsurancesolutions.com/ssl/work (set by user).
2026-05-10 03:17:01,845:DEBUG:certbot._internal.plugins.selection:Requested authenticator None and installer None
2026-05-10 03:17:01,863:INFO:certbot.ocsp:Cannot extract OCSP URI from /var/www/truenorthinsurancesolutions.com/ssl/config/archive/truenorthinsurancesolutions.com/cert1.pem
2026-05-10 03:17:01,867:DEBUG:certbot._internal.display.obj:Notifying user: Certificate not yet due for renewal
2026-05-10 03:17:01,868:DEBUG:certbot._internal.plugins.selection:Requested authenticator webroot and installer None
2026-05-10 03:17:01,868:DEBUG:certbot._internal.display.obj:Notifying user: 
- - - - - - - - - - - - - - - - - - - - - - - - - - - - - - - - - - - - - - - -
2026-05-10 03:17:01,868:DEBUG:certbot._internal.display.obj:Notifying user: The following certificates are not due for renewal yet:
2026-05-10 03:17:01,868:DEBUG:certbot._internal.display.obj:Notifying user:   /var/www/truenorthinsurancesolutions.com/ssl/config/live/truenorthinsurancesolutions.com/fullchain.pem expires on 2026-07-05 (skipped)
2026-05-10 03:17:01,868:DEBUG:certbot._internal.display.obj:Notifying user: No renewals were attempted.
2026-05-10 03:17:01,868:DEBUG:certbot._internal.display.obj:Notifying user: No hooks were run.
2026-05-10 03:17:01,868:DEBUG:certbot._internal.display.obj:Notifying user: - - - - - - - - - - - - - - - - - - - - - - - - - - - - - - - - - - - - - - - -
2026-05-10 03:17:01,868:DEBUG:certbot._internal.renewal:no renewal failures
2026-05-10 15:17:02,073:DEBUG:certbot._internal.main:certbot version: 2.9.0
2026-05-10 15:17:02,073:DEBUG:certbot._internal.main:Location of certbot entry point: /usr/bin/certbot
2026-05-10 15:17:02,073:DEBUG:certbot._internal.main:Arguments: ['--cert-name', 'truenorthinsurancesolutions.com', '--config-dir', '/var/www/truenorthinsurancesolutions.com/ssl/config', '--work-dir', '/var/www/truenorthinsurancesolutions.com/ssl/work', '--logs-dir', '/var/www/truenorthinsurancesolutions.com/ssl/logs', '--quiet', '--deploy-hook', 'systemctl reload apache2']
2026-05-10 15:17:02,073:DEBUG:certbot._internal.main:Discovered plugins: PluginsRegistry(PluginEntryPoint#apache,PluginEntryPoint#manual,PluginEntryPoint#null,PluginEntryPoint#standalone,PluginEntryPoint#webroot)
2026-05-10 15:17:02,081:DEBUG:certbot._internal.log:Root logging level set at 40
2026-05-10 15:17:02,082:DEBUG:certbot._internal.display.obj:Notifying user: Processing
/var/www/truenorthinsurancesolutions.com/ssl/config/renewal/truenorthinsurancesolutions.com.conf
2026-05-10 15:17:02,084:DEBUG:certbot.configuration:Var config_dir=/var/www/truenorthinsurancesolutions.com/ssl/config (set by user).
2026-05-10 15:17:02,084:DEBUG:certbot.configuration:Var logs_dir=/var/www/truenorthinsurancesolutions.com/ssl/logs (set by user).
2026-05-10 15:17:02,084:DEBUG:certbot.configuration:Var work_dir=/var/www/truenorthinsurancesolutions.com/ssl/work (set by user).
2026-05-10 15:17:02,084:DEBUG:certbot._internal.plugins.selection:Requested authenticator None and installer None
2026-05-10 15:17:02,114:INFO:certbot.ocsp:Cannot extract OCSP URI from /var/www/truenorthinsurancesolutions.com/ssl/config/archive/truenorthinsurancesolutions.com/cert1.pem
2026-05-10 15:17:02,118:DEBUG:certbot._internal.display.obj:Notifying user: Certificate not yet due for renewal
2026-05-10 15:17:02,118:DEBUG:certbot._internal.plugins.selection:Requested authenticator webroot and installer None
2026-05-10 15:17:02,119:DEBUG:certbot._internal.display.obj:Notifying user: 
- - - - - - - - - - - - - - - - - - - - - - - - - - - - - - - - - - - - - - - -
2026-05-10 15:17:02,119:DEBUG:certbot._internal.display.obj:Notifying user: The following certificates are not due for renewal yet:
2026-05-10 15:17:02,119:DEBUG:certbot._internal.display.obj:Notifying user:   /var/www/truenorthinsurancesolutions.com/ssl/config/live/truenorthinsurancesolutions.com/fullchain.pem expires on 2026-07-05 (skipped)
2026-05-10 15:17:02,119:DEBUG:certbot._internal.display.obj:Notifying user: No renewals were attempted.
2026-05-10 15:17:02,119:DEBUG:certbot._internal.display.obj:Notifying user: No hooks were run.
2026-05-10 15:17:02,119:DEBUG:certbot._internal.display.obj:Notifying user: - - - - - - - - - - - - - - - - - - - - - - - - - - - - - - - - - - - - - - - -
2026-05-10 15:17:02,119:DEBUG:certbot._internal.renewal:no renewal failures
2026-05-11 03:17:02,050:DEBUG:certbot._internal.main:certbot version: 2.9.0
2026-05-11 03:17:02,051:DEBUG:certbot._internal.main:Location of certbot entry point: /usr/bin/certbot
2026-05-11 03:17:02,051:DEBUG:certbot._internal.main:Arguments: ['--cert-name', 'truenorthinsurancesolutions.com', '--config-dir', '/var/www/truenorthinsurancesolutions.com/ssl/config', '--work-dir', '/var/www/truenorthinsurancesolutions.com/ssl/work', '--logs-dir', '/var/www/truenorthinsurancesolutions.com/ssl/logs', '--quiet', '--deploy-hook', 'systemctl reload apache2']
2026-05-11 03:17:02,051:DEBUG:certbot._internal.main:Discovered plugins: PluginsRegistry(PluginEntryPoint#apache,PluginEntryPoint#manual,PluginEntryPoint#null,PluginEntryPoint#standalone,PluginEntryPoint#webroot)
2026-05-11 03:17:02,059:DEBUG:certbot._internal.log:Root logging level set at 40
2026-05-11 03:17:02,059:DEBUG:certbot._internal.display.obj:Notifying user: Processing
/var/www/truenorthinsurancesolutions.com/ssl/config/renewal/truenorthinsurancesolutions.com.conf
2026-05-11 03:17:02,060:DEBUG:certbot.configuration:Var config_dir=/var/www/truenorthinsurancesolutions.com/ssl/config (set by user).
2026-05-11 03:17:02,061:DEBUG:certbot.configuration:Var logs_dir=/var/www/truenorthinsurancesolutions.com/ssl/logs (set by user).
2026-05-11 03:17:02,061:DEBUG:certbot.configuration:Var work_dir=/var/www/truenorthinsurancesolutions.com/ssl/work (set by user).
2026-05-11 03:17:02,061:DEBUG:certbot._internal.plugins.selection:Requested authenticator None and installer None
2026-05-11 03:17:02,081:INFO:certbot.ocsp:Cannot extract OCSP URI from /var/www/truenorthinsurancesolutions.com/ssl/config/archive/truenorthinsurancesolutions.com/cert1.pem
2026-05-11 03:17:02,085:DEBUG:certbot._internal.display.obj:Notifying user: Certificate not yet due for renewal
2026-05-11 03:17:02,085:DEBUG:certbot._internal.plugins.selection:Requested authenticator webroot and installer None
2026-05-11 03:17:02,085:DEBUG:certbot._internal.display.obj:Notifying user: 
- - - - - - - - - - - - - - - - - - - - - - - - - - - - - - - - - - - - - - - -
2026-05-11 03:17:02,086:DEBUG:certbot._internal.display.obj:Notifying user: The following certificates are not due for renewal yet:
2026-05-11 03:17:02,086:DEBUG:certbot._internal.display.obj:Notifying user:   /var/www/truenorthinsurancesolutions.com/ssl/config/live/truenorthinsurancesolutions.com/fullchain.pem expires on 2026-07-05 (skipped)
2026-05-11 03:17:02,086:DEBUG:certbot._internal.display.obj:Notifying user: No renewals were attempted.
2026-05-11 03:17:02,086:DEBUG:certbot._internal.display.obj:Notifying user: No hooks were run.
2026-05-11 03:17:02,086:DEBUG:certbot._internal.display.obj:Notifying user: - - - - - - - - - - - - - - - - - - - - - - - - - - - - - - - - - - - - - - - -
2026-05-11 03:17:02,086:DEBUG:certbot._internal.renewal:no renewal failures
